,Document_No,Dominant_Topic,Topic_Perc_Contrib,Keywords,Text,Slightly Cleaned,Comment Text
0,0,2.0,0.5205625891685486,"article, section, first, topic, viewpoint, silly, comment, agree, subject, claim",person write article many problem,The person who write this article have many problem .,The person who wrote this article has many problems.
1,1,6.0,0.9980132579803467,"vandalizer, cuntnlu, nlu, article, cunt, belarusian, jem, assembly, link, nazist",vandalizer vandalizer vandalizer vandalizer vandalizer vandalizer vandalizer vandalizer vandalizer vandalizer vandalizer vandalizer vandalizer vandalizer vandalizer vandalizer vandalizer vandalizer vandalizer vandalizer vandalizer vandalizer vandalizer vandalizer vandalizer vandalizer vandalizer vandalizer vandalizer vandalizer vandalizer vandalizer vandalizer vandalizer vandalizer vandalizer vandalizer vandalizer vandalizer vandalizer vandalizer vandalizer vandalizer vandalizer vandalizer vandalizer vandalizer vandalizer vandalizer vandalizer vandalizer vandalizer vandalizer vandalizer vandalizer vandalizer vandalizer vandalizer vandalizer vandalizer vandalizer vandalizer vandalizer vandalizer vandalizer vandalizer vandalizer vandalizer vandalizer vandalizer vandalizer vandalizer vandalizer vandalizer vandalizer vandalizer vandalizer vandalizer vandalizer vandalizer vandalizer vandalizer vandalizer vandalizer vandalizer vandalizer vandalizer vandalizer vandalizer vandalizer vandalizer vandalizer vandalizer vandalizer vandalizer vandalizer vandalizer vandalizer vandalizer vandalizer vandalizer vandalizer vandalizer vandalizer vandalizer vandalizer vandalizer vandalizer vandalizer vandalizer vandalizer vandalizer vandalizer vandalizer vandalizer vandalizer vandalizer vandalizer vandalizer vandalizer vandalizer vandalizer vandalizer vandalizer vandalizer vandalizer vandalizer vandalizer vandalizer vandalizer vandalizer vandalizer vandalizer vandalizer vandalizer vandalizer vandalizer vandalizer vandalizer vandalizer vandalizer vandalizer vandalizer vandalizer vandalizer vandalizer vandalizer vandalizer vandalizer vandalizer vandalizer vandalizer vandalizer vandalizer vandalizer vandalizer vandalizer vandalizer vandalizer vandalizer vandalizer vandalizer vandalizer vandalizer vandalizer vandalizer vandalizer vandalizer vandalizer vandalizer vandalizer vandalizer vandalizer vandalizer vandalizer vandalizer vandalizer vandalizer vandalizer vandalizer vandalizer vandalizer vandalizer vandalizer vandalizer vandalizer vandalizer vandalizer vandalizer vandalizer vandalizer vandalizer vandalizer vandalizer vandalizer vandalizer vandalizer vandalizer vandalizer vandalizer vandalizer vandalizer vandalizer vandalizer vandalizer vandalizer vandalizer vandalizer vandalizer vandalizer vandalizer vandalizer vandalizer vandalizer vandalizer vandalizer vandalizer vandalizer vandalizer vandalizer vandalizer vandalizer vandalizer vandalizer vandalizer vandalizer vandalizer vandalizer vandalizer vandalizer vandalizer vandalizer vandalizer vandalizer vandalizer vandalizer vandalizer vandalizer vandalizer vandalizer vandalizer vandalizer vandalizer vandalizer vandalizer vandalizer vandalizer vandalizer vandalizer vandalizer vandalizer vandalizer vandalizer vandalizer vandalizer vandalizer vandalizer vandalizer vandalizer vandalizer vandalizer vandalizer vandalizer vandalizer vandalizer vandalizer vandalizer vandalizer vandalizer vandalizer vandalizer vandalizer vandalizer vandalizer vandalizer vandalizer vandalizer vandalizer vandalizer vandalizer vandalizer vandalizer vandalizer vandalizer vandalizer vandalizer vandalizer vandalizer vandalizer vandalizer vandalizer vandalizer vandalizer vandalizer vandalizer vandalizer vandalizer vandalizer vandalizer vandalizer vandalizer vandalizer vandalizer vandalizer vandalizer vandalizer vandalizer vandalizer vandalizer vandalizer vandalizer vandalizer vandalizer vandalizer vandalizer vandalizer vandalizer vandalizer vandalizer vandalizer vandalizer vandalizer vandalizer vandalizer vandalizer vandalizer vandalizer vandalizer vandalizer vandalizer vandalizer vandalizer vandalizer vandalizer vandalizer vandalizer vandalizer vandalizer vandalizer vandalizer vandalizer vandalizer vandalizer vandalizer vandalizer vandalizer vandalizer vandalizer vandalizer vandalizer vandalizer vandalizer vandalizer vandalizer vandalizer vandalizer vandalizer vandalizer vandalizer vandalizer vandalizer vandalizer vandalizer vandalizer vandalizer vandalizer vandalizer vandalizer vandalizer vandalizer vandalizer vandalizer vandalizer vandalizer vandalizer vandalizer vandalizer vandalizer vandalizer vandalizer vandalizer vandalizer vandalizer vandalizer vandalizer vandalizer vandalizer vandalizer vandalizer vandalizer vandalizer vandalizer vandalizer vandalizer vandalizer vandalizer vandalizer vandalizer vandalizer vandalizer vandalizer vandalizer vandalizer vandalizer vandalizer vandalizer vandalizer vandalizer vandalizer vandalizer vandalizer vandalizer vandalizer vandalizer vandalizer vandalizer vandalizer vandalizer vandalizer vandalizer vandalizer vandalizer vandalizer vandalizer vandalizer vandalizer vandalizer vandalizer vandalizer vandalizer vandalizer vandalizer vandalizer vandalizer vandalizer vandalizer vandalizer vandalizer vandalizer vandalizer vandalizer vandalizer vandalizer vandalizer vandalizer vandalizer vandalizer vandalizer vandalizer vandalizer vandalizer vandalize,== You Vandalizer == Vandalizer Vandalizer Vandalizer Vandalizer Vandalizer Vandalizer Vandalizer Vandalizer Vandalizer Vandalizer Vandalizer Vandalizer Vandalizer Vandalizer Vandalizer Vandalizer Vandalizer Vandalizer Vandalizer Vandalizer Vandalizer Vandalizer Vandalizer Vandalizer Vandalizer Vandalizer Vandalizer Vandalizer Vandalizer Vandalizer Vandalizer Vandalizer Vandalizer Vandalizer Vandalizer Vandalizer Vandalizer Vandalizer Vandalizer Vandalizer Vandalizer Vandalizer Vandalizer Vandalizer Vandalizer Vandalizer Vandalizer Vandalizer Vandalizer Vandalizer Vandalizer Vandalizer Vandalizer Vandalizer Vandalizer Vandalizer Vandalizer Vandalizer Vandalizer Vandalizer Vandalizer Vandalizer Vandalizer Vandalizer Vandalizer Vandalizer Vandalizer Vandalizer Vandalizer Vandalizer Vandalizer Vandalizer Vandalizer Vandalizer Vandalizer Vandalizer Vandalizer Vandalizer Vandalizer Vandalizer Vandalizer Vandalizer Vandalizer Vandalizer Vandalizer Vandalizer Vandalizer Vandalizer Vandalizer Vandalizer Vandalizer Vandalizer Vandalizer Vandalizer Vandalizer Vandalizer Vandalizer Vandalizer Vandalizer Vandalizer Vandalizer Vandalizer Vandalizer Vandalizer Vandalizer Vandalizer Vandalizer Vandalizer Vandalizer Vandalizer Vandalizer Vandalizer Vandalizer Vandalizer Vandalizer Vandalizer Vandalizer Vandalizer Vandalizer Vandalizer Vandalizer Vandalizer Vandalizer Vandalizer Vandalizer Vandalizer Vandalizer Vandalizer Vandalizer Vandalizer Vandalizer Vandalizer Vandalizer Vandalizer Vandalizer Vandalizer Vandalizer Vandalizer Vandalizer Vandalizer Vandalizer Vandalizer Vandalizer Vandalizer Vandalizer Vandalizer Vandalizer Vandalizer Vandalizer Vandalizer Vandalizer Vandalizer Vandalizer Vandalizer Vandalizer Vandalizer Vandalizer Vandalizer Vandalizer Vandalizer Vandalizer Vandalizer Vandalizer Vandalizer Vandalizer Vandalizer Vandalizer Vandalizer Vandalizer Vandalizer Vandalizer Vandalizer Vandalizer Vandalizer Vandalizer Vandalizer Vandalizer Vandalizer Vandalizer Vandalizer Vandalizer Vandalizer Vandalizer Vandalizer Vandalizer Vandalizer Vandalizer Vandalizer Vandalizer Vandalizer Vandalizer Vandalizer Vandalizer Vandalizer Vandalizer Vandalizer Vandalizer Vandalizer Vandalizer Vandalizer Vandalizer Vandalizer Vandalizer Vandalizer Vandalizer Vandalizer Vandalizer Vandalizer Vandalizer Vandalizer Vandalizer Vandalizer Vandalizer Vandalizer Vandalizer Vandalizer Vandalizer Vandalizer Vandalizer Vandalizer Vandalizer Vandalizer Vandalizer Vandalizer Vandalizer Vandalizer Vandalizer Vandalizer Vandalizer Vandalizer Vandalizer Vandalizer Vandalizer Vandalizer Vandalizer Vandalizer Vandalizer Vandalizer Vandalizer Vandalizer Vandalizer Vandalizer Vandalizer Vandalizer Vandalizer Vandalizer Vandalizer Vandalizer Vandalizer Vandalizer Vandalizer Vandalizer Vandalizer Vandalizer Vandalizer Vandalizer Vandalizer Vandalizer Vandalizer Vandalizer Vandalizer Vandalizer Vandalizer Vandalizer Vandalizer Vandalizer Vandalizer Vandalizer Vandalizer Vandalizer Vandalizer Vandalizer Vandalizer Vandalizer Vandalizer Vandalizer Vandalizer Vandalizer Vandalizer Vandalizer Vandalizer Vandalizer Vandalizer Vandalizer Vandalizer Vandalizer Vandalizer Vandalizer Vandalizer Vandalizer Vandalizer Vandalizer Vandalizer Vandalizer Vandalizer Vandalizer Vandalizer Vandalizer Vandalizer Vandalizer Vandalizer Vandalizer Vandalizer Vandalizer Vandalizer Vandalizer Vandalizer Vandalizer Vandalizer Vandalizer Vandalizer Vandalizer Vandalizer Vandalizer Vandalizer Vandalizer Vandalizer Vandalizer Vandalizer Vandalizer Vandalizer Vandalizer Vandalizer Vandalizer Vandalizer Vandalizer Vandalizer Vandalizer Vandalizer Vandalizer Vandalizer Vandalizer Vandalizer Vandalizer Vandalizer Vandalizer Vandalizer Vandalizer Vandalizer Vandalizer Vandalizer Vandalizer Vandalizer Vandalizer Vandalizer Vandalizer Vandalizer Vandalizer Vandalizer Vandalizer Vandalizer Vandalizer Vandalizer Vandalizer Vandalizer Vandalizer Vandalizer Vandalizer Vandalizer Vandalizer Vandalizer Vandalizer Vandalizer Vandalizer Vandalizer Vandalizer Vandalizer Vandalizer Vandalizer Vandalizer Vandalizer Vandalizer Vandalizer Vandalizer Vandalizer Vandalizer Vandalizer Vandalizer Vandalizer Vandalizer Vandalizer Vandalizer Vandalizer Vandalizer Vandalizer Vandalizer Vandalizer Vandalizer Vandalizer Vandalizer Vandalizer Vandalizer Vandalizer Vandalizer Vandalizer Vandalizer Vandalizer Vandalizer Vandalizer Vandalizer Vandalizer Vandalizer Vandalizer Vandalizer Vandalizer Vandalizer Vandalizer Vandalizer Vandalizer Vandalizer Vandalizer Vandalizer Vandalizer Vandalizer Vandalizer Vandalizer Vandalizer Vandalizer Vandalizer Vandalizer Vandalizer Vandalizer Vandalizer Vandalizer Vandalizer Vandalizer Vandalizer Vandalizer Vandalizer Vandalizer Vandalizer Vandalizer Vandalizer Vandalizer Vandalizer Vandalizer Vandalizer Vandalizer Vandalizer Vandalizer Vandalizer Vandalizer Vandalizer Vandalizer Vandalizer Vandalizer Vandalizer Vandalizer Vandalizer Vandalizer Vandalize,"== You Vandalizer == 
 Vandalizer Vandalizer Vandalizer Vandalizer Vandalizer Vandalizer Vandalizer Vandalizer Vandalizer Vandalizer Vandalizer Vandalizer Vandalizer Vandalizer Vandalizer Vandalizer Vandalizer Vandalizer Vandalizer Vandalizer Vandalizer Vandalizer Vandalizer Vandalizer Vandalizer Vandalizer Vandalizer Vandalizer Vandalizer Vandalizer Vandalizer Vandalizer Vandalizer Vandalizer Vandalizer Vandalizer Vandalizer Vandalizer Vandalizer Vandalizer Vandalizer Vandalizer Vandalizer Vandalizer Vandalizer Vandalizer Vandalizer Vandalizer Vandalizer Vandalizer Vandalizer Vandalizer Vandalizer Vandalizer Vandalizer Vandalizer Vandalizer Vandalizer Vandalizer Vandalizer Vandalizer Vandalizer Vandalizer Vandalizer Vandalizer Vandalizer Vandalizer Vandalizer Vandalizer Vandalizer Vandalizer Vandalizer Vandalizer Vandalizer Vandalizer Vandalizer Vandalizer Vandalizer Vandalizer Vandalizer Vandalizer Vandalizer Vandalizer Vandalizer Vandalizer Vandalizer Vandalizer Vandalizer Vandalizer Vandalizer Vandalizer Vandalizer Vandalizer Vandalizer Vandalizer Vandalizer Vandalizer Vandalizer Vandalizer Vandalizer Vandalizer Vandalizer Vandalizer Vandalizer Vandalizer Vandalizer Vandalizer Vandalizer Vandalizer Vandalizer Vandalizer Vandalizer Vandalizer Vandalizer Vandalizer Vandalizer Vandalizer Vandalizer Vandalizer Vandalizer Vandalizer Vandalizer Vandalizer Vandalizer Vandalizer Vandalizer Vandalizer Vandalizer Vandalizer Vandalizer Vandalizer Vandalizer Vandalizer Vandalizer Vandalizer Vandalizer Vandalizer Vandalizer Vandalizer Vandalizer Vandalizer Vandalizer Vandalizer Vandalizer Vandalizer Vandalizer Vandalizer Vandalizer Vandalizer Vandalizer Vandalizer Vandalizer Vandalizer Vandalizer Vandalizer Vandalizer Vandalizer Vandalizer Vandalizer Vandalizer Vandalizer Vandalizer Vandalizer Vandalizer Vandalizer Vandalizer Vandalizer Vandalizer Vandalizer Vandalizer Vandalizer Vandalizer Vandalizer Vandalizer Vandalizer Vandalizer Vandalizer Vandalizer Vandalizer Vandalizer Vandalizer Vandalizer Vandalizer Vandalizer Vandalizer Vandalizer Vandalizer Vandalizer Vandalizer Vandalizer Vandalizer Vandalizer Vandalizer Vandalizer Vandalizer Vandalizer Vandalizer Vandalizer Vandalizer Vandalizer Vandalizer Vandalizer Vandalizer Vandalizer Vandalizer Vandalizer Vandalizer Vandalizer Vandalizer Vandalizer Vandalizer Vandalizer Vandalizer Vandalizer Vandalizer Vandalizer Vandalizer Vandalizer Vandalizer Vandalizer Vandalizer Vandalizer Vandalizer Vandalizer Vandalizer Vandalizer Vandalizer Vandalizer Vandalizer Vandalizer Vandalizer Vandalizer Vandalizer Vandalizer Vandalizer Vandalizer Vandalizer Vandalizer Vandalizer Vandalizer Vandalizer Vandalizer Vandalizer Vandalizer Vandalizer Vandalizer Vandalizer Vandalizer Vandalizer Vandalizer Vandalizer Vandalizer Vandalizer Vandalizer Vandalizer Vandalizer Vandalizer Vandalizer Vandalizer Vandalizer Vandalizer Vandalizer Vandalizer Vandalizer Vandalizer Vandalizer Vandalizer Vandalizer Vandalizer Vandalizer Vandalizer Vandalizer Vandalizer Vandalizer Vandalizer Vandalizer Vandalizer Vandalizer Vandalizer Vandalizer Vandalizer Vandalizer Vandalizer Vandalizer Vandalizer Vandalizer Vandalizer Vandalizer Vandalizer Vandalizer Vandalizer Vandalizer Vandalizer Vandalizer Vandalizer Vandalizer Vandalizer Vandalizer Vandalizer Vandalizer Vandalizer Vandalizer Vandalizer Vandalizer Vandalizer Vandalizer Vandalizer Vandalizer Vandalizer Vandalizer Vandalizer Vandalizer Vandalizer Vandalizer Vandalizer Vandalizer Vandalizer Vandalizer Vandalizer Vandalizer Vandalizer Vandalizer Vandalizer Vandalizer Vandalizer Vandalizer Vandalizer Vandalizer Vandalizer Vandalizer Vandalizer Vandalizer Vandalizer Vandalizer Vandalizer Vandalizer Vandalizer Vandalizer Vandalizer Vandalizer Vandalizer Vandalizer Vandalizer Vandalizer Vandalizer Vandalizer Vandalizer Vandalizer Vandalizer Vandalizer Vandalizer Vandalizer Vandalizer Vandalizer Vandalizer Vandalizer Vandalizer Vandalizer Vandalizer Vandalizer Vandalizer Vandalizer Vandalizer Vandalizer Vandalizer Vandalizer Vandalizer Vandalizer Vandalizer Vandalizer Vandalizer Vandalizer Vandalizer Vandalizer Vandalizer Vandalizer Vandalizer Vandalizer Vandalizer Vandalizer Vandalizer Vandalizer Vandalizer Vandalizer Vandalizer Vandalizer Vandalizer Vandalizer Vandalizer Vandalizer Vandalizer Vandalizer Vandalizer Vandalizer Vandalizer Vandalizer Vandalizer Vandalizer Vandalizer Vandalizer Vandalizer Vandalizer Vandalizer Vandalizer Vandalizer Vandalizer Vandalizer Vandalizer Vandalizer Vandalizer Vandalizer Vandalizer Vandalizer Vandalizer Vandalizer Vandalizer Vandalizer Vandalizer Vandalizer Vandalizer Vandalizer Vandalizer Vandalizer Vandalizer Vandalizer Vandalizer Vandalizer Vandalizer Vandalizer Vandalizer Vandalizer Vandalizer Vandalizer Vandalizer Vandalizer Vandalizer Vandalizer Vandalizer Vandalizer Vandalizer Vandalizer Vandalizer Vandalizer Vandalizer Vandalizer Vandalizer Vandalizer Vandalizer Vandalizer Vandalizer Vandalize"
2,2,2.0,0.9666637778282166,"article, section, first, topic, viewpoint, silly, comment, agree, subject, claim",absolutely brilliant see many article trashy magazine info directly one article load lead first episode x factor old change format section reward though ps look discussion page series article,: : : :ABSOLUTELY ! Is n't it brilliant when you see so many article in trashy magazine that have the info directly from one of our article ? There be load lead up to the first episode of The X Factor - most of it be from the old 'Changes to the format ' section . Very rewarding though . P.S . Have a look at the discussion page for the Series 4 article . ),::::ABSOLUTELY! Isn't it brilliant when you see so many articles in trashy magazines that have the info directly from one of our articles? There were loads leading up to the first episode of The X Factor - most of it was from the old 'Changes to the format' section. Very rewarding though. P.S. Have a look at the discussion page for the Series 4 article. )
3,3,4.0,0.9763137698173523,"article, theory, add, decline, link, machine, assembly, fall, use, word",machine translation notice added interwiki link de nl vi assembly god dutch nl interwiki link link new article add dutchlanguage wikipedia new article contain rubbish look like machine translation word assembly translate word use assembly assemblyline factory help wikipedia action,"==Machine translation ? == I notice that you add interwiki link ( de , nl , vi ) to Assemblies of God . The Dutch ( nl ) interwiki link link to a new article that you add to the Dutch-language wikipedia . That new article contain rubbish . It look like a machine translation . The word 'assemblies ' be translate by a word that be use for 'assembly ' as in an assembly-line in a factory . You be not help Wikipedia with these action .","==Machine translation?== 
 I noticed that you added interwiki links (de, nl, vi) to Assemblies of God. The Dutch (nl) interwiki link linked to a new article that you added to the Dutch-language wikipedia. That new article contains rubbish. It looks like a machine translation. The word 'assemblies' is translated by a word that is used for 'assembly' as in an assembly-line in a factory. You are not helping Wikipedia with these actions."
4,4,5.0,0.9099936485290527,"article, name, ventura, read, link, engine, write, barry, also, thank",thinkafter read article quite could thorough overhaul know stamina bravery,": : : :I think , after not read the article for quite a while , it could do with a thorough overhaul . But I do not know if I have the stamen or bravery ! ! ! : - )","::::I think,after not reading the article for quite a while, it could do with a thorough overhaul. But I don't know if I have the stamina or bravery!!!:-)"
5,5,0.0,0.9099850654602051,"suck, nigger, article, cuntnlu, xdicksx, ballznigger, widr, seem, good, redirect",article article literaly suck suck much best improve soon,This article This article literaly suck . Just suck so much . I 'll do my best to improve it soon .,"This article  

 This article literaly sucks. Just sucks so much. I'll do my best to improve it soon."
6,6,9.0,0.9990565776824951,"suck, nigger, article, ballznigger, nat, widr, source, burmese, murder, xdicksx",grrrrrrrrrrrrrrrrrrrrrrrrrrrrrrrrrrrrrrrrrrrrrrrrrrrrrrrrrrrrrrrrrrrrrrrrrrrrrrrrrrrrrrrrrrrrrrrrrrrrrrrrrrrrrrrrrrrrrrrrrrrrrrrrrrrrrrrrrrrrrrrrrrrrrrrrrrrrrrrrrrrrrrrrrrrrrrrrrrrrrrrrrrrrrrrrrrrr suck suck suck suck suck suck suck suck suck suck suck suck suck suck suck suck suck suck suck suck suck suck suck suck suck suck suck suck suck suck suck suck suck suck suck suck suck suck suck suck suck suck suck suck suck suck suck suck suck suck suck suck suck suck suck suck suck suck suck suck suck suck suck suck suck suck suck suck suck suck suck suck suck suck suck suck suck suck suck suck suck suck suck suck suck suck suck suck suck suck suck suck suck suck suck suck suck suck suck suck suck suck suck suck suck suck suck suck suck suck suck suck suck suck suck suck suck suck suck suck suck suck suck suck suck suck suck suck suck suck suck suck suck suck suck suck suck suck suck suck suck suck suck suck suck suck suck suck suck suck suck suck suck suck suck suck suck suck suck suck suck suck suck suck suck suck suck suck suck suck suck suck suck suck suck suck suck suck suck suck suck suck suck suck suck suck suck suck suck suck suck suck suck suck suck suck suck suck suck suck suck suck suck suck suck suck suck suck suck suck suck suck suck suck suck suck suck suck suck suck suck suck suck suck suck suck suck suck suck suck suck suck suck suck suck suck suck suck suck suck suck suck suck suck suck suck suck suck suck suck suck suck suck suck suck suck suck suck suck suck suck suck suck suck suck suck suck suck suck suck suck suck suck suck suck suck suck suck suck suck suck suck suck suck suck suck suck suck suck suck suck suck suck suck suck suck suck suck suck suck suck suck suck suck suck suck suck suck suck suck suck suck suck suck suck suck suck suck suck suck suck suck suck suck suck suck suck suck suck suck suck suck suck suck suck suck suck suck suck suck suck suck suck suck suck suck suck suck suck suck suck suck suck suck suck suck suck suck suck suck suck suck suck suck suck suck suck suck suck suck suck suck suck suck suck suck suck suck suck suck suck suck suck suck suck suck suck suck suck suck suck suck suck suck suck suck suck suck suck suck suck suck suck suck suck suck suck suck suck suck suck suck suck suck suck suck suck suck suck suck suck suck suck suck suck suck suck suck suck suck suck suck suck suck suck suck suck suck suck suck suck suck suck suck suck suck suck suck suck suck suck suck suck suck suck suck suck suck suck suck suck suck suck suck suck suck suck suck suck suck suck suck suck suck suck suck suck suck suck suck suck suck suck suck suck suck suck suck suck suck suck suck suck suck suck suck suck suck suck suck suck suck suck suck suck suck suck suck suck suck suck suck suck suck suck suck suck suck suck suck suck suck suck suck suck suck suck suck suck suck suck suck suck suck suck suck suck suck suck suck suck suck suck suck suck suck suck suck suck suck suck suck suck suck suck suck suck suck suck suck suck suck suck suck suck suck suck suck suck suck suck suck suck suck suck suck suck suck suck suck suck suck suck suck suck suck suck suck suck suck suck suck suck suck suck suck suck suck suck suck suck suck suck suck suck suck suck suck suck suck suck suck suck suck suck suck suck suck suck suck suck suck suck suck suck suck suck suck suck suck suck suck suck suck suck suck suck suck suck suck suck suck suck suck suck suck suck suck suck suck suck suck suck suck suck suck suck suck suck suck suck suck suck suck suck suck suck suck suck suck suck suck suck suck suck suck suck suck suck suck suck suck suck suck suck suck suck suck suck suck suck suck suck suck suck suck suck suck suck suck suck suck suck suck suck suck suck suck suck suck suck suck suck suck suck suck suck suck suck suck suck suck suck suck suck suck suck suck suck suck suck suck suck suck suck suck suck suck suck suck suck suck suck suck suck suck suck suck suck suck suck suck suck suck suck suck suck suck suck suck suck suck suck suck suck suck suck suck suck suck suck suck suck suck suck suck suck suck suck suck suck suck suck suck suck suck suck suck suck suck suck suck suck suck suck suck suck suck suck suck suck suck suck suck suck suck suck suck suck suck suck suck suck suck suck suck suck suck suck suck suck suck suck suck suck suck suck suck suck suck suck suck suck suck suck suck suck suck suck suck suck suck suck suck suck suck suck suck suck suck suck suck suck suck suck suck suck suck suck suck suck suck suck suck suck suck suck suck suck suck suck suck suck suck suck suck suck suck suck suck suck suck suck suck suck suck suck suck suck suck suck suck suck suck suck suck suck suck suck suck suck suck suck suck suck suck suck suck suck suck suck suck suck suck suck suck suck suck suck suck suck suck suck suck suck suck suck suck suck suck suck suck suck suck suck suck suck suck suck suck suck suck suck suck suck suck suck suck suck suck suck suck suck,== Grrrrrrrrrrrrrrrrrrrrrrrrrrrrrrrrrrrrrrrrrrrrrrrrrrrrrrrrrrrrrrrrrrrrrrrrrrrrrrrrrrrrrrrrrrrrrrrrrrrrrrrrrrrrrrrrrrrrrrrrrrrrrrrrrrrrrrrrrrrrrrrrrrrrrrrrrrrrrrrrrrrrrrrrrrrrrrrrrrrrrrrrrrrrrrrrrrrr == You suck suck suck suck suck suck suck suck suck suck suck suck suck suck suck suck suck suck suck suck suck suck suck suck suck suck suck suck suck suck suck suck suck suck suck suck suck suck suck suck suck suck suck suck suck suck suck suck suck suck suck suck suck suck suck suck suck suck suck suck suck suck suck suck suck suck suck suck suck suck suck suck suck suck suck suck suck suck suck suck suck suck suck suck suck suck suck suck suck suck suck suck suck suck suck suck suck suck suck suck suck suck suck suck suck suck suck suck suck suck suck suck suck suck suck suck suck suck suck suck suck suck suck suck suck suck suck suck suck suck suck suck suck suck suck suck suck suck suck suck suck suck suck suck suck suck suck suck suck suck suck suck suck suck suck suck suck suck suck suck suck suck suck suck suck suck suck suck suck suck suck suck suck suck suck suck suck suck suck suck suck suck suck suck suck suck suck suck suck suck suck suck suck suck suck suck suck suck suck suck suck suck suck suck suck suck suck suck suck suck suck suck suck suck suck suck suck suck suck suck suck suck suck suck suck suck suck suck suck suck suck suck suck suck suck suck suck suck suck suck suck suck suck suck suck suck suck suck suck suck suck suck suck suck suck suck suck suck suck suck suck suck suck suck suck suck suck suck suck suck suck suck suck suck suck suck suck suck suck suck suck suck suck suck suck suck suck suck suck suck suck suck suck suck suck suck suck suck suck suck suck suck suck suck suck suck suck suck suck suck suck suck suck suck suck suck suck suck suck suck suck suck suck suck suck suck suck suck suck suck suck suck suck suck suck suck suck suck suck suck suck suck suck suck suck suck suck suck suck suck suck suck suck suck suck suck suck suck suck suck suck suck suck suck suck suck suck suck suck suck suck suck suck suck suck suck suck suck suck suck suck suck suck suck suck suck suck suck suck suck suck suck suck suck suck suck suck suck suck suck suck suck suck suck suck suck suck suck suck suck suck suck suck suck suck suck suck suck suck suck suck suck suck suck suck suck suck suck suck suck suck suck suck suck suck suck suck suck suck suck suck suck suck suck suck suck suck suck suck suck suck suck suck suck suck suck suck suck suck suck suck suck suck suck suck suck suck suck suck suck suck suck suck suck suck suck suck suck suck suck suck suck suck suck suck suck suck suck suck suck suck suck suck suck suck suck suck suck suck suck suck suck suck suck suck suck suck suck suck suck suck suck suck suck suck suck suck suck suck suck suck suck suck suck suck suck suck suck suck suck suck suck suck suck suck suck suck suck suck suck suck suck suck suck suck suck suck suck suck suck suck suck suck suck suck suck suck suck suck suck suck suck suck suck suck suck suck suck suck suck suck suck suck suck suck suck suck suck suck suck suck suck suck suck suck suck suck suck suck suck suck suck suck suck suck suck suck suck suck suck suck suck suck suck suck suck suck suck suck suck suck suck suck suck suck suck suck suck suck suck suck suck suck suck suck suck suck suck suck suck suck suck suck suck suck suck suck suck suck suck suck suck suck suck suck suck suck suck suck suck suck suck suck suck suck suck suck suck suck suck suck suck suck suck suck suck suck suck suck suck suck suck suck suck suck suck suck suck suck suck suck suck suck suck suck suck suck suck suck suck suck suck suck suck suck suck suck suck suck suck suck suck suck suck suck suck suck suck suck suck suck suck suck suck suck suck suck suck suck suck suck suck suck suck suck suck suck suck suck suck suck suck suck suck suck suck suck suck suck suck suck suck suck suck suck suck suck suck suck suck suck suck suck suck suck suck suck suck suck suck suck suck suck suck suck suck suck suck suck suck suck suck suck suck suck suck suck suck suck suck suck suck suck suck suck suck suck suck suck suck suck suck suck suck suck suck suck suck suck suck suck suck suck suck suck suck suck suck suck suck suck suck suck suck suck suck suck suck suck suck suck suck suck suck suck suck suck suck suck suck suck suck suck suck suck suck suck suck suck suck suck suck suck suck suck suck suck suck suck suck suck suck suck suck suck suck suck suck suck suck suck suck suck suck suck suck suck suck suck suck suck suck suck suck suck suck suck suck suck suck suck suck suck suck suck suck suck suck suck suck suck suck suck suck suck suck suck suck suck suck suck suck suck suck suck suck suck suck suck suck suck suck suck suck suck suck suck suck suck suck suck suck suck suck suck suck suck suck suck suck suck suck suck suck suck suck suck suck suck suck suck suck suck suck suck suck suck suck suck suck suck suck suck,"== Grrrrrrrrrrrrrrrrrrrrrrrrrrrrrrrrrrrrrrrrrrrrrrrrrrrrrrrrrrrrrrrrrrrrrrrrrrrrrrrrrrrrrrrrrrrrrrrrrrrrrrrrrrrrrrrrrrrrrrrrrrrrrrrrrrrrrrrrrrrrrrrrrrrrrrrrrrrrrrrrrrrrrrrrrrrrrrrrrrrrrrrrrrrrrrrrrrrr == 

 You suck suck suck suck suck suck suck suck suck suck suck suck suck suck suck suck suck suck suck suck suck suck suck suck suck suck suck suck suck suck suck suck suck suck suck suck suck suck suck suck suck suck suck suck suck suck suck suck suck suck suck suck suck suck suck suck suck suck suck suck suck suck suck suck suck suck suck suck suck suck suck suck suck suck suck suck suck suck suck suck suck suck suck suck suck suck suck suck suck suck suck suck suck suck suck suck suck suck suck suck suck suck suck suck suck suck suck suck suck suck suck suck suck suck suck suck suck suck suck suck suck suck suck suck suck suck suck suck suck suck suck suck suck suck suck suck suck suck suck suck suck suck suck suck suck suck suck suck suck suck suck suck suck suck suck suck suck suck suck suck suck suck suck suck suck suck suck suck suck suck suck suck suck suck suck suck suck suck suck suck suck suck suck suck suck suck suck suck suck suck suck suck suck suck suck suck suck suck suck suck suck suck suck suck suck suck suck suck suck suck suck suck suck suck suck suck suck suck suck suck suck suck suck suck suck suck suck suck suck suck suck suck suck suck suck suck suck suck suck suck suck suck suck suck suck suck suck suck suck suck suck suck suck suck suck suck suck suck suck suck suck suck suck suck suck suck suck suck suck suck suck suck suck suck suck suck suck suck suck suck suck suck suck suck suck suck suck suck suck suck suck suck suck suck suck suck suck suck suck suck suck suck suck suck suck suck suck suck suck suck suck suck suck suck suck suck suck suck suck suck suck suck suck suck suck suck suck suck suck suck suck suck suck suck suck suck suck suck suck suck suck suck suck suck suck suck suck suck suck suck suck suck suck suck suck suck suck suck suck suck suck suck suck suck suck suck suck suck suck suck suck suck suck suck suck suck suck suck suck suck suck suck suck suck suck suck suck suck suck suck suck suck suck suck suck suck suck suck suck suck suck suck suck suck suck suck suck suck suck suck suck suck suck suck suck suck suck suck suck suck suck suck suck suck suck suck suck suck suck suck suck suck suck suck suck suck suck suck suck suck suck suck suck suck suck suck suck suck suck suck suck suck suck suck suck suck suck suck suck suck suck suck suck suck suck suck suck suck suck suck suck suck suck suck suck suck suck suck suck suck suck suck suck suck suck suck suck suck suck suck suck suck suck suck suck suck suck suck suck suck suck suck suck suck suck suck suck suck suck suck suck suck suck suck suck suck suck suck suck suck suck suck suck suck suck suck suck suck suck suck suck suck suck suck suck suck suck suck suck suck suck suck suck suck suck suck suck suck suck suck suck suck suck suck suck suck suck suck suck suck suck suck suck suck suck suck suck suck suck suck suck suck suck suck suck suck suck suck suck suck suck suck suck suck suck suck suck suck suck suck suck suck suck suck suck suck suck suck suck suck suck suck suck suck suck suck suck suck suck suck suck suck suck suck suck suck suck suck suck suck suck suck suck suck suck suck suck suck suck suck suck suck suck suck suck suck suck suck suck suck suck suck suck suck suck suck suck suck suck suck suck suck suck suck suck suck suck suck suck suck suck suck suck suck suck suck suck suck suck suck suck suck suck suck suck suck suck suck suck suck suck suck suck suck suck suck suck suck suck suck suck suck suck suck suck suck suck suck suck suck suck suck suck suck suck suck suck suck suck suck suck suck suck suck suck suck suck suck suck suck suck suck suck suck suck suck suck suck suck suck suck suck suck suck suck suck suck suck suck suck suck suck suck suck suck suck suck suck suck suck suck suck suck suck suck suck suck suck suck suck suck suck suck suck suck suck suck suck suck suck suck suck suck suck suck suck suck suck suck suck suck suck suck suck suck suck suck suck suck suck suck suck suck suck suck suck suck suck suck suck suck suck suck suck suck suck suck suck suck suck suck suck suck suck suck suck suck suck suck suck suck suck suck suck suck suck suck suck suck suck suck suck suck suck suck suck suck suck suck suck suck suck suck suck suck suck suck suck suck suck suck suck suck suck suck suck suck suck suck suck suck suck suck suck suck suck suck suck suck suck suck suck suck suck suck suck suck suck suck suck suck suck suck suck suck suck suck suck suck suck suck suck suck suck suck suck suck suck suck suck suck suck suck suck suck suck suck suck suck suck suck suck suck suck suck suck suck suck suck suck suck suck suck suck suck suck suck suck suck suck suck suck suck suck suck suck suck suck suck suck suck suck suck suck suck suck suck suck suck suck suck suck suck"
7,7,0.0,0.9399910569190979,"suck, nigger, article, cuntnlu, xdicksx, ballznigger, widr, seem, good, redirect",featured article feel assesment article within scope fsu wikiproject signature article reflect eveveryone hard work,== Featured Article == I feel on my assesment of the article within the scope of the FSU WikiprojeCt that this be a signature article and should reflect all of eveveryone hard work -,"== Featured Article == 

 I feel on my assesment of the article within the scope of the FSU WikiprojeCt that this is a signature article and should reflect all of eveveryone's hard work  -"
8,8,0.0,0.9437418580055237,"suck, nigger, article, cuntnlu, xdicksx, ballznigger, widr, seem, good, redirect",featured article article mario really featured article seem anywhere near good others feature article tag,== Featured Article == Is this article Mario 64 really a featured article ? Because it do not seem anywhere near as good as others that have a featured article tag .,"== Featured Article == 

 Is this article Mario 64 really a featured article? Because it doesn't seem anywhere near as good as others that have a featured article tag."
9,9,2.0,0.9895314574241638,"article, section, first, topic, viewpoint, silly, comment, agree, subject, claim",suspect responsible phonetics section add linguistics section claim literary text quote natural language believe find citation support ought therefore delete much defence keep transcript subjective pov retain make second tell story necessary add evidence inadmissable duality subject certainly agree fable connection ipa work interesting mention include never argue otherwise transcription technical data however intrusive belongs seperate article focus subject therefore propose create article time proper citation provide link article remain focused fable general can not agree essence discussion subedit happy matter take arbitration would interest learn opinion others mzilikazi talk,"I suspect you be responsible for the Phonetics section . Was it you too who add the linguistics section with its claim that the literary text you quote be 'natural ' language ? I do not believe you can find a citation to support this and it ought therefore to be delete . Much of your defence for keep the transcript be subjective POV . Retaining them make the second telling of the story necessary , which be added evidence for an inadmissable duality of subject . I certainly agree that the fable connection with the IPA work be interesting and mention of that should be include ; I never argue otherwise . Transcription of technical data , however , be intrusive and belongs in a seperate article with a focus on that subject . I be therefore propose that you create such an article , this time with proper citation , and provide a link to this article , which should remain focused on the fable in general . If we can not agree on what be in essence a discussion of sub-editing , I 'd be happy for the matter to be take to arbitration . It would be interest to learn the opinion of others . Mzilikazi1939 ( talk )","I suspected you were responsible for the Phonetics section. Was it you too who added the linguistics sections with its claim that the literary text you quote is 'natural' language? I don't believe you can find a citation to support this and it ought therefore to be deleted. 

 Much of your defence for keeping the transcripts is subjective POV. Retaining them makes the second telling of the story necessary, which is added evidence for an inadmissable duality of subject. I certainly agree that the fable's connection with the IPA's work is interesting and mention of that should be included; I never argued otherwise. Transcription of technical data, however, is intrusive and belongs in a seperate article with a focus on that subject. I am therefore proposing that you create such an article, this time with proper citations, and provide a link to this article, which should remain focused on the fable in general. 

 If we can't agree on what is in essence a discussion of sub-editing, I'd be happy for the matter to be taken to arbitration. It would be interesting to learn the opinion of others. Mzilikazi1939 (talk)"
10,10,0.0,0.9590893387794495,"suck, nigger, article, cuntnlu, xdicksx, ballznigger, widr, seem, good, redirect",widr suck xdicksx widr suck xdicksx widr suck xdicksx widr suck xdicksx widr suck xdicksx widr suck xdicksx widr suck xdicksx,Widr suck xDICKSx Widr suck xDICKSx Widr suck xDICKSx Widr suck xDICKSx Widr suck xDICKSx Widr suck xDICKSx Widr suck xDICKSx,"Widr sucks xDICKSx 
 Widr sucks xDICKSx 
 Widr sucks xDICKSx 
 Widr sucks xDICKSx 
 Widr sucks xDICKSx 
 Widr sucks xDICKSx 
 Widr sucks xDICKSx"
11,11,4.0,0.9774972200393677,"article, theory, add, decline, link, machine, assembly, fall, use, word",yes thats one theory another theory gibbon say decline fall implicit cant seperate thing least level want write article transformist decline view late antiquity good start article simply collection theory regard decline fall practical linking reason since many people use terminology article gateway article,"Yes thats one theory . Another theory by Gibbon say the Decline and Fall be implicit . You cant seperate these thing , at least at this level . If you want to write an article just about the transformist ( decline ) view , then Late Antiquity be a good start . But this article simply be a collection of all theory regard decline and fall , for practical linking reason , since so many people use the terminology in article , this be a gateway article .","Yes thats one theory. Another theory by Gibbon says the Decline and Fall are implicit. You cant seperate these things, at least at this level. If you want to write an article just about the transformist (decline) view, then Late Antiquity is a good start. But this article simply is a collection of all theories regarding decline and fall, for practical linking reasons, since so many people use the terminology in articles, this is a gateway article."
12,12,4.0,0.531282365322113,"article, theory, add, decline, link, machine, assembly, fall, use, word",maybe text mostly moore umm article title change moore universal measure machine intro clarify article moore product call universal measuring machine specific product name image umms would help,`` Maybe the text be mostly about the Moore UMM ( ~1951 ) ( as here ) and the article title should change to `` '' Moore Universal measure machine '' '' or the intro should clarify that the article be about just the Moore product ( s ) call `` '' Universal measure machine '' '' if they do not have more specific product name . - Some image of UMMs would help . - ``,""" 

 Maybe the text is mostly about the Moore UMM (~1951) (as here) and the article title should change to """"Moore Universal measuring machine"""" or the intro should clarify that the article is about just the Moore product(s) called """"Universal measuring machine"""" if they don't have more specific product names. -    

 Some images of UMMs would help. -   """
13,13,7.0,0.9678553342819214,"article, theory, write, conspiracy, consensus, ask, actively, unite, proposal, appear",categoryconspiracy theorist ask us include article subject mention article actively defend one conspiracy theory list article categoryconspiracy theory take quick look subcategory conspiracy theory unite state article appear true tice miss something,"`` Category : Conspiracy theorist ask us to only include `` '' article where the subject be mention in their article as actively defend one of the conspiracy theory list in the article under Category : Conspiracy theory '' '' . After take a quick look there , in the sub-category `` '' Conspiracy theory in the United States '' '' and at the article , it appear to me that that be not true of Tice ; be I miss something ? — ``",""" 

  Category:Conspiracy theorists asks us to only include """"articles where the subject is mentioned in their article as actively defending one of the conspiracy theories listed in the articles under Category:Conspiracy theories"""". After taking a quick look there, in the sub-category """"Conspiracy theories in the United States"""" and at the article, it appears to me that that isn't true of Tice; am I missing something? — """
14,14,4.0,0.9749969840049744,"article, theory, add, decline, link, machine, assembly, fall, use, word",chauvinist nazists polish lithuanian nazi discus change article truly belarusian slavic city intrigue lithuanians stalin capital republic belarus stop note take note seriously consider anyone nazists chauvinists however fact vilnius belarusian city capital belarusian state century,"== NO to all chauvinist and nazists == why do you both polish and lithuanian nazi discus and change article about truly our , Belarusian , Slavic city ? If not for the intrigue of some lithuanian and stalin it should capital of Republic of Belarus now ! So stop both ! note : do not take my note too seriously . i do not consider anyone here as nazists and chauvinist , however it be the fact that Vilnius be Belarusian city , because of be the capital of Belarusian state for century .","== NO to all chauvinists and nazists == 

 why do you both polish and lithuanian nazi discuss and change article about truly our, Belarusian, Slavic city? If not for the intrigues of some lithuanians and stalin it should capital of Republic of Belarus now! So stop both!   

  
 note: don't take my note too seriously. i don't consider anyone here as nazists and chauvinists, however it's the fact that Vilnius is Belarusian city, because of being the capital of Belarusian state for centuries."
15,15,0.0,0.935701310634613,"suck, nigger, article, cuntnlu, xdicksx, ballznigger, widr, seem, good, redirect",great comment assignment kristen article also consider good article quality seem quite different,Great comment on your assignment Kristen . My article be also consider as a good article but the quality seem to be quite different .,Great comments on your assignment Kristen. My article was also considered as a good article but the quality seemed to be quite different.
16,16,2.0,0.9526287317276001,"article, section, first, topic, viewpoint, silly, comment, agree, subject, claim",viewpoint article discuss topic viewpoint great britain less degree dresden vienna input topic conflict world war ii need,"`` == Viewpoints == This article only discuss the topic from the viewpoint of Great Britain and , to a less degree , Dresden and Vienna . Input on the topic from conflict other than World War II be needed. ``",""" 

 == Viewpoints == 

 This article only discusses the topic from the viewpoint of Great Britain and, to a lesser degree, Dresden and Vienna.  Input on the topic from conflicts other than World War II is needed.  """
17,17,4.0,0.6795412302017212,"article, theory, add, decline, link, machine, assembly, fall, use, word",yea probably right look categorypolice misconduct united state appear department single sure many department big issue chicago one afd seem like reasonable approach option see would rename list incident drop misconduct focus add incident go nowhere would give balanced view would impossible maintain would still article without peer encyclopedia can not title without npov issue article note also change head since lvpd lvmpd two different organization lvpd also use tv show,": Yea , you be probably right . If you look in Category : Police misconduct in the United States this appear to be the only department single out . I be sure that many other department have big issue , Chicago be one . AfD do seem like a reasonable approach . The only other option I see would be the rename to a list of incident , drop the misconduct focus and add in all of the incident that go nowhere . That would give a balanced view but would be impossible to maintain . And again it would still be an article without peer on the encyclopedia . So if we can not have a title without NPOV issue , should we have an article ? Note that I also change the heading here since LVPD and LVMPD be two different organization and LVPD be also use by TV show .",":Yea, you are probably right.  If you look in Category:Police misconduct in the United States this appears to be the only department singled out.  I'm sure that many other departments have bigger issues, Chicago being one.  AfD does seems like a reasonable approach.  The only other option I see would be the rename to a list of incidents, dropping the misconduct focus and adding in all of the incidents that went nowhere.  That would give a balanced view but would be impossible to maintain.  And again it would still be an article without peers on the encyclopedia.  So if we can't have a title without NPOV issues, should we have an article?  Note that I also changed the heading here since LVPD and LVMPD are two different organizations and LVPD is also used by TV shows."
18,18,8.0,0.9249951839447021,"article, use, see, compton, give, title, diacritic, new, come, discussion",misname article misname accord article title guideline case merge peekskill meteorite,"== Misnamed == This article be misname accord to article title guideline , and in any case should be merge into Peekskill meteorite .","== Misnamed == 

 This article is misnamed according to article title guidelines, and in any case should be merged into Peekskill meteorite."
19,19,8.0,0.9590868949890137,"article, use, see, compton, give, title, diacritic, new, come, discussion",article look good thanks write new despite failing see article great merit describe behavior others tough give calculate subtle deliberate people thanks word,"=== This article look good === Thanks for write it ; it be new to me . Despite such failing as you see in the article , it have great merit . Describing these behavior to others be tough , give how calculating , subtle , and deliberate these people can be - so thanks again for the word .","=== This article looks good ===  
 Thanks for writing it; it's new to me. Despite such failings as you see in the article, it has great merit. Describing these behaviors to others is tough, given how calculating, subtle, and deliberate these people can be - so thanks again for the words."
20,20,2.0,0.97499680519104,"article, section, first, topic, viewpoint, silly, comment, agree, subject, claim",thanks expect decline despite extensive comment talkstacy harris nothing article listing bylines nonnotable publication minor book acknowledgment uncredited movie extra role blog comment pay directory listing unsubstantiated claim wildly overthetop pr accomplishment exactly consider example credible notability,"`` : Thanks ; I expect a decline , despite my extensive comment at Talk : Stacy Harris . As there be nothing more to this article than listing of bylines in non-notable publication , minor book acknowledgment , uncredited movie extra role , blog comment , pay directory listing , and unsubstantiated claim about wildly over-the-top PR accomplishment , what exactly do you consider to be the example of `` '' credible notability '' '' ? | ``",""" 
 :Thanks; I expected a decline, despite my extensive comments at Talk:Stacy Harris. As there is nothing more to this article than listings of bylines in non-notable publications, minor book acknowledgments, uncredited movie extra roles, blog comments, paid directory listings, and unsubstantiated claims about wildly over-the-top PR accomplishments, what exactly do you consider to be the examples of """"credible notability""""?   |  """
21,21,0.0,0.9470487833023071,"suck, nigger, article, cuntnlu, xdicksx, ballznigger, widr, seem, good, redirect",article seem write subject bad article adverb quickly seem pov us take decade amass thousand member great accomplishment,"`` This article seem to have be write by its subject . it be not a bad article , but the adverb `` '' quickly '' '' seem POV in all us . Taking decade to amass `` '' thousand '' '' of member be no great accomplishment. ``","""This article seems to have been written by its subject. 

 It's not a bad article, but the adverb """"quickly"""" seems POV in all uses. 

 Taking decades to amass """"thousands"""" of members is no great accomplishment. 

  """
22,22,6.0,0.7653805017471313,"vandalizer, cuntnlu, nlu, article, cunt, belarusian, jem, assembly, link, nazist",ohhbrittany kaim scar gosh please lock jem article life go jem article protect loser brittany ka,"Ohh , Brittany Ka , I 'm so scared ! ! ! Gosh please do not lock the Jem article ! ! ! How will life go on if the Jem article be protect ? ? Your such a loser Brittany Ka .","Ohh,Brittany Ka,I'm so scared!!! Gosh please don't lock the Jem article!!! How will life go on if the Jem article is protected?? Your such a loser Brittany Ka."
23,23,6.0,0.9976922273635864,"vandalizer, cuntnlu, nlu, article, cunt, belarusian, jem, assembly, link, nazist",nlu cunt nlu cuntnlu cuntnlu cuntnlu cuntnlu cuntnlu cuntnlu cuntnlu cuntnlu cuntnlu cuntnlu cuntnlu cuntnlu cuntnlu cuntnlu cuntnlu cuntnlu cuntnlu cuntnlu cuntnlu cuntnlu cuntnlu cuntnlu cuntnlu cuntnlu cuntnlu cuntnlu cuntnlu cuntnlu cuntnlu cuntnlu cuntnlu cuntnlu cuntnlu cuntnlu cuntnlu cuntnlu cuntnlu cuntnlu cuntnlu cuntnlu cuntnlu cuntnlu cuntnlu cuntnlu cuntnlu cuntnlu cuntnlu cuntnlu cuntnlu cuntnlu cuntnlu cuntnlu cuntnlu cuntnlu cuntnlu cuntnlu cuntnlu cuntnlu cuntnlu cuntnlu cuntnlu cuntnlu cuntnlu cuntnlu cuntnlu cuntnlu cuntnlu cuntnlu cuntnlu cuntnlu cuntnlu cuntnlu cuntnlu cuntnlu cuntnlu cuntnlu cuntnlu cuntnlu cuntnlu cuntnlu cuntnlu cuntnlu cuntnlu cuntnlu cuntnlu cuntnlu cuntnlu cuntnlu cuntnlu cuntnlu cuntnlu cuntnlu cuntnlu cuntnlu cuntnlu cuntnlu cuntnlu cuntnlu cuntnlu cuntnlu cuntnlu cuntnlu cuntnlu cuntnlu cuntnlu cuntnlu cuntnlu cuntnlu cuntnlu cuntnlu cuntnlu cuntnlu cuntnlu cuntnlu cuntnlu cuntnlu cuntnlu cuntnlu cuntnlu cuntnlu cuntnlu cunt nlu cuntnlu cuntnlu cuntnlu cuntnlu cuntnlu cuntnlu cuntnlu cuntnlu cuntnlu cuntnlu cuntnlu cuntnlu cuntnlu cuntnlu cuntnlu cuntnlu cuntnlu cuntnlu cuntnlu cuntnlu cuntnlu cuntnlu cuntnlu cuntnlu cuntnlu cuntnlu cuntnlu cuntnlu cuntnlu cuntnlu cuntnlu cuntnlu cuntnlu cuntnlu cuntnlu cuntnlu cuntnlu cuntnlu cuntnlu cuntnlu cuntnlu cuntnlu cuntnlu cuntnlu cuntnlu cuntnlu cuntnlu cuntnlu cuntnlu cuntnlu cuntnlu cuntnlu cuntnlu cuntnlu cuntnlu cuntnlu cuntnlu cuntnlu cuntnlu cuntnlu cuntnlu cuntnlu cuntnlu cuntnlu cuntnlu cuntnlu cuntnlu cuntnlu cuntnlu cuntnlu cuntnlu cuntnlu cuntnlu cuntnlu cuntnlu cuntnlu cuntnlu cuntnlu cuntnlu cuntnlu cuntnlu cuntnlu cuntnlu cuntnlu cuntnlu cuntnlu cuntnlu cuntnlu cuntnlu cuntnlu cuntnlu cuntnlu cuntnlu cuntnlu cuntnlu cuntnlu cuntnlu cuntnlu cuntnlu cuntnlu cuntnlu cuntnlu cuntnlu cuntnlu cuntnlu cuntnlu cuntnlu cuntnlu cuntnlu cuntnlu cuntnlu cuntnlu cuntnlu cuntnlu cuntnlu cuntnlu cuntnlu cuntnlu cuntnlu cuntnlu cuntnlu cunt nlu cuntnlu cuntnlu cuntnlu cuntnlu cuntnlu cuntnlu cuntnlu cuntnlu cuntnlu cuntnlu cuntnlu cuntnlu cuntnlu cuntnlu cuntnlu cuntnlu cuntnlu cuntnlu cuntnlu cuntnlu cuntnlu cuntnlu cuntnlu cuntnlu cuntnlu cuntnlu cuntnlu cuntnlu cuntnlu cuntnlu cuntnlu cuntnlu cuntnlu cuntnlu cuntnlu cuntnlu cuntnlu cuntnlu cuntnlu cuntnlu cuntnlu cuntnlu cuntnlu cuntnlu cuntnlu cuntnlu cuntnlu cuntnlu cuntnlu cuntnlu cuntnlu cuntnlu cuntnlu cuntnlu cuntnlu cuntnlu cuntnlu cuntnlu cuntnlu cuntnlu cuntnlu cuntnlu cuntnlu cuntnlu cuntnlu cuntnlu cuntnlu cuntnlu cuntnlu cuntnlu cuntnlu cuntnlu cuntnlu cuntnlu cuntnlu cuntnlu cuntnlu cuntnlu cuntnlu cuntnlu cuntnlu cuntnlu cuntnlu cuntnlu cuntnlu cuntnlu cuntnlu cuntnlu cuntnlu cuntnlu cuntnlu cuntnlu cuntnlu cuntnlu cuntnlu cuntnlu cuntnlu cuntnlu cuntnlu cuntnlu cuntnlu cuntnlu cuntnlu cuntnlu cuntnlu cuntnlu cuntnlu cuntnlu cuntnlu cuntnlu cuntnlu cuntnlu cuntnlu cuntnlu cuntnlu cuntnlu cuntnlu cuntnlu cuntnlu cuntnlu cuntnlu cunt nlu cuntnlu cuntnlu cuntnlu cuntnlu cuntnlu cuntnlu cuntnlu cuntnlu cuntnlu cuntnlu cuntnlu cuntnlu cuntnlu cuntnlu cuntnlu cuntnlu cuntnlu,nlu be a cunt nlu be a cuntnlu be a cuntnlu be a cuntnlu be a cuntnlu be a cuntnlu be a cuntnlu be a cuntnlu be a cuntnlu be a cuntnlu be a cuntnlu be a cuntnlu be a cuntnlu be a cuntnlu be a cuntnlu be a cuntnlu be a cuntnlu be a cuntnlu be a cuntnlu be a cuntnlu be a cuntnlu be a cuntnlu be a cuntnlu be a cuntnlu be a cuntnlu be a cuntnlu be a cuntnlu be a cuntnlu be a cuntnlu be a cuntnlu be a cuntnlu be a cuntnlu be a cuntnlu be a cuntnlu be a cuntnlu be a cuntnlu be a cuntnlu be a cuntnlu be a cuntnlu be a cuntnlu be a cuntnlu be a cuntnlu be a cuntnlu be a cuntnlu be a cuntnlu be a cuntnlu be a cuntnlu be a cuntnlu be a cuntnlu be a cuntnlu be a cuntnlu be a cuntnlu be a cuntnlu be a cuntnlu be a cuntnlu be a cuntnlu be a cuntnlu be a cuntnlu be a cuntnlu be a cuntnlu be a cuntnlu be a cuntnlu be a cuntnlu be a cuntnlu be a cuntnlu be a cuntnlu be a cuntnlu be a cuntnlu be a cuntnlu be a cuntnlu be a cuntnlu be a cuntnlu be a cuntnlu be a cuntnlu be a cuntnlu be a cuntnlu be a cuntnlu be a cuntnlu be a cuntnlu be a cuntnlu be a cuntnlu be a cuntnlu be a cuntnlu be a cuntnlu be a cuntnlu be a cuntnlu be a cuntnlu be a cuntnlu be a cuntnlu be a cuntnlu be a cuntnlu be a cuntnlu be a cuntnlu be a cuntnlu be a cuntnlu be a cuntnlu be a cuntnlu be a cuntnlu be a cuntnlu be a cuntnlu be a cuntnlu be a cuntnlu be a cuntnlu be a cuntnlu be a cuntnlu be a cuntnlu be a cuntnlu be a cuntnlu be a cuntnlu be a cuntnlu be a cuntnlu be a cuntnlu be a cuntnlu be a cuntnlu be a cuntnlu be a cuntnlu be a cuntnlu be a cuntnlu be a cuntnlu be a cuntnlu be a cuntnlu be a cuntnlu be a cunt nlu be a cuntnlu be a cuntnlu be a cuntnlu be a cuntnlu be a cuntnlu be a cuntnlu be a cuntnlu be a cuntnlu be a cuntnlu be a cuntnlu be a cuntnlu be a cuntnlu be a cuntnlu be a cuntnlu be a cuntnlu be a cuntnlu be a cuntnlu be a cuntnlu be a cuntnlu be a cuntnlu be a cuntnlu be a cuntnlu be a cuntnlu be a cuntnlu be a cuntnlu be a cuntnlu be a cuntnlu be a cuntnlu be a cuntnlu be a cuntnlu be a cuntnlu be a cuntnlu be a cuntnlu be a cuntnlu be a cuntnlu be a cuntnlu be a cuntnlu be a cuntnlu be a cuntnlu be a cuntnlu be a cuntnlu be a cuntnlu be a cuntnlu be a cuntnlu be a cuntnlu be a cuntnlu be a cuntnlu be a cuntnlu be a cuntnlu be a cuntnlu be a cuntnlu be a cuntnlu be a cuntnlu be a cuntnlu be a cuntnlu be a cuntnlu be a cuntnlu be a cuntnlu be a cuntnlu be a cuntnlu be a cuntnlu be a cuntnlu be a cuntnlu be a cuntnlu be a cuntnlu be a cuntnlu be a cuntnlu be a cuntnlu be a cuntnlu be a cuntnlu be a cuntnlu be a cuntnlu be a cuntnlu be a cuntnlu be a cuntnlu be a cuntnlu be a cuntnlu be a cuntnlu be a cuntnlu be a cuntnlu be a cuntnlu be a cuntnlu be a cuntnlu be a cuntnlu be a cuntnlu be a cuntnlu be a cuntnlu be a cuntnlu be a cuntnlu be a cuntnlu be a cuntnlu be a cuntnlu be a cuntnlu be a cuntnlu be a cuntnlu be a cuntnlu be a cuntnlu be a cuntnlu be a cuntnlu be a cuntnlu be a cuntnlu be a cuntnlu be a cuntnlu be a cuntnlu be a cuntnlu be a cuntnlu be a cuntnlu be a cuntnlu be a cuntnlu be a cuntnlu be a cuntnlu be a cuntnlu be a cuntnlu be a cuntnlu be a cuntnlu be a cuntnlu be a cuntnlu be a cuntnlu be a cuntnlu be a cuntnlu be a cuntnlu be a cunt nlu be a cuntnlu be a cuntnlu be a cuntnlu be a cuntnlu be a cuntnlu be a cuntnlu be a cuntnlu be a cuntnlu be a cuntnlu be a cuntnlu be a cuntnlu be a cuntnlu be a cuntnlu be a cuntnlu be a cuntnlu be a cuntnlu be a cuntnlu be a cuntnlu be a cuntnlu be a cuntnlu be a cuntnlu be a cuntnlu be a cuntnlu be a cuntnlu be a cuntnlu be a cuntnlu be a cuntnlu be a cuntnlu be a cuntnlu be a cuntnlu be a cuntnlu be a cuntnlu be a cuntnlu be a cuntnlu be a cuntnlu be a cuntnlu be a cuntnlu be a cuntnlu be a cuntnlu be a cuntnlu be a cuntnlu be a cuntnlu be a cuntnlu be a cuntnlu be a cuntnlu be a cuntnlu be a cuntnlu be a cuntnlu be a cuntnlu be a cuntnlu be a cuntnlu be a cuntnlu be a cuntnlu be a cuntnlu be a cuntnlu be a cuntnlu be a cuntnlu be a cuntnlu be a cuntnlu be a cuntnlu be a cuntnlu be a cuntnlu be a cuntnlu be a cuntnlu be a cuntnlu be a cuntnlu be a cuntnlu be a cuntnlu be a cuntnlu be a cuntnlu be a cuntnlu be a cuntnlu be a cuntnlu be a cuntnlu be a cuntnlu be a cuntnlu be a cuntnlu be a cuntnlu be a cuntnlu be a cuntnlu be a cuntnlu be a cuntnlu be a cuntnlu be a cuntnlu be a cuntnlu be a cuntnlu be a cuntnlu be a cuntnlu be a cuntnlu be a cuntnlu be a cuntnlu be a cuntnlu be a cuntnlu be a cuntnlu be a cuntnlu be a cuntnlu be a cuntnlu be a cuntnlu be a cuntnlu be a cuntnlu be a cuntnlu be a cuntnlu be a cuntnlu be a cuntnlu be a cuntnlu be a cuntnlu be a cuntnlu be a cuntnlu be a cuntnlu be a cuntnlu be a cuntnlu be a cuntnlu be a cuntnlu be a cuntnlu be a cuntnlu be a cuntnlu be a cuntnlu be a cuntnlu be a cuntnlu be a cuntnlu be a cuntnlu be a cunt nlu be a cuntnlu be a cuntnlu be a cuntnlu be a cuntnlu be a cuntnlu be a cuntnlu be a cuntnlu be a cuntnlu be a cuntnlu be a cuntnlu be a cuntnlu be a cuntnlu be a cuntnlu be a cuntnlu be a cuntnlu be a cuntnlu be a cuntnlu,nlu is a cunt nlu is a cuntnlu is a cuntnlu is a cuntnlu is a cuntnlu is a cuntnlu is a cuntnlu is a cuntnlu is a cuntnlu is a cuntnlu is a cuntnlu is a cuntnlu is a cuntnlu is a cuntnlu is a cuntnlu is a cuntnlu is a cuntnlu is a cuntnlu is a cuntnlu is a cuntnlu is a cuntnlu is a cuntnlu is a cuntnlu is a cuntnlu is a cuntnlu is a cuntnlu is a cuntnlu is a cuntnlu is a cuntnlu is a cuntnlu is a cuntnlu is a cuntnlu is a cuntnlu is a cuntnlu is a cuntnlu is a cuntnlu is a cuntnlu is a cuntnlu is a cuntnlu is a cuntnlu is a cuntnlu is a cuntnlu is a cuntnlu is a cuntnlu is a cuntnlu is a cuntnlu is a cuntnlu is a cuntnlu is a cuntnlu is a cuntnlu is a cuntnlu is a cuntnlu is a cuntnlu is a cuntnlu is a cuntnlu is a cuntnlu is a cuntnlu is a cuntnlu is a cuntnlu is a cuntnlu is a cuntnlu is a cuntnlu is a cuntnlu is a cuntnlu is a cuntnlu is a cuntnlu is a cuntnlu is a cuntnlu is a cuntnlu is a cuntnlu is a cuntnlu is a cuntnlu is a cuntnlu is a cuntnlu is a cuntnlu is a cuntnlu is a cuntnlu is a cuntnlu is a cuntnlu is a cuntnlu is a cuntnlu is a cuntnlu is a cuntnlu is a cuntnlu is a cuntnlu is a cuntnlu is a cuntnlu is a cuntnlu is a cuntnlu is a cuntnlu is a cuntnlu is a cuntnlu is a cuntnlu is a cuntnlu is a cuntnlu is a cuntnlu is a cuntnlu is a cuntnlu is a cuntnlu is a cuntnlu is a cuntnlu is a cuntnlu is a cuntnlu is a cuntnlu is a cuntnlu is a cuntnlu is a cuntnlu is a cuntnlu is a cuntnlu is a cuntnlu is a cuntnlu is a cuntnlu is a cuntnlu is a cuntnlu is a cuntnlu is a cuntnlu is a cuntnlu is a cuntnlu is a cuntnlu is a cuntnlu is a cuntnlu is a cuntnlu is a cunt nlu is a cuntnlu is a cuntnlu is a cuntnlu is a cuntnlu is a cuntnlu is a cuntnlu is a cuntnlu is a cuntnlu is a cuntnlu is a cuntnlu is a cuntnlu is a cuntnlu is a cuntnlu is a cuntnlu is a cuntnlu is a cuntnlu is a cuntnlu is a cuntnlu is a cuntnlu is a cuntnlu is a cuntnlu is a cuntnlu is a cuntnlu is a cuntnlu is a cuntnlu is a cuntnlu is a cuntnlu is a cuntnlu is a cuntnlu is a cuntnlu is a cuntnlu is a cuntnlu is a cuntnlu is a cuntnlu is a cuntnlu is a cuntnlu is a cuntnlu is a cuntnlu is a cuntnlu is a cuntnlu is a cuntnlu is a cuntnlu is a cuntnlu is a cuntnlu is a cuntnlu is a cuntnlu is a cuntnlu is a cuntnlu is a cuntnlu is a cuntnlu is a cuntnlu is a cuntnlu is a cuntnlu is a cuntnlu is a cuntnlu is a cuntnlu is a cuntnlu is a cuntnlu is a cuntnlu is a cuntnlu is a cuntnlu is a cuntnlu is a cuntnlu is a cuntnlu is a cuntnlu is a cuntnlu is a cuntnlu is a cuntnlu is a cuntnlu is a cuntnlu is a cuntnlu is a cuntnlu is a cuntnlu is a cuntnlu is a cuntnlu is a cuntnlu is a cuntnlu is a cuntnlu is a cuntnlu is a cuntnlu is a cuntnlu is a cuntnlu is a cuntnlu is a cuntnlu is a cuntnlu is a cuntnlu is a cuntnlu is a cuntnlu is a cuntnlu is a cuntnlu is a cuntnlu is a cuntnlu is a cuntnlu is a cuntnlu is a cuntnlu is a cuntnlu is a cuntnlu is a cuntnlu is a cuntnlu is a cuntnlu is a cuntnlu is a cuntnlu is a cuntnlu is a cuntnlu is a cuntnlu is a cuntnlu is a cuntnlu is a cuntnlu is a cuntnlu is a cuntnlu is a cuntnlu is a cuntnlu is a cuntnlu is a cuntnlu is a cuntnlu is a cuntnlu is a cuntnlu is a cuntnlu is a cuntnlu is a cuntnlu is a cuntnlu is a cunt nlu is a cuntnlu is a cuntnlu is a cuntnlu is a cuntnlu is a cuntnlu is a cuntnlu is a cuntnlu is a cuntnlu is a cuntnlu is a cuntnlu is a cuntnlu is a cuntnlu is a cuntnlu is a cuntnlu is a cuntnlu is a cuntnlu is a cuntnlu is a cuntnlu is a cuntnlu is a cuntnlu is a cuntnlu is a cuntnlu is a cuntnlu is a cuntnlu is a cuntnlu is a cuntnlu is a cuntnlu is a cuntnlu is a cuntnlu is a cuntnlu is a cuntnlu is a cuntnlu is a cuntnlu is a cuntnlu is a cuntnlu is a cuntnlu is a cuntnlu is a cuntnlu is a cuntnlu is a cuntnlu is a cuntnlu is a cuntnlu is a cuntnlu is a cuntnlu is a cuntnlu is a cuntnlu is a cuntnlu is a cuntnlu is a cuntnlu is a cuntnlu is a cuntnlu is a cuntnlu is a cuntnlu is a cuntnlu is a cuntnlu is a cuntnlu is a cuntnlu is a cuntnlu is a cuntnlu is a cuntnlu is a cuntnlu is a cuntnlu is a cuntnlu is a cuntnlu is a cuntnlu is a cuntnlu is a cuntnlu is a cuntnlu is a cuntnlu is a cuntnlu is a cuntnlu is a cuntnlu is a cuntnlu is a cuntnlu is a cuntnlu is a cuntnlu is a cuntnlu is a cuntnlu is a cuntnlu is a cuntnlu is a cuntnlu is a cuntnlu is a cuntnlu is a cuntnlu is a cuntnlu is a cuntnlu is a cuntnlu is a cuntnlu is a cuntnlu is a cuntnlu is a cuntnlu is a cuntnlu is a cuntnlu is a cuntnlu is a cuntnlu is a cuntnlu is a cuntnlu is a cuntnlu is a cuntnlu is a cuntnlu is a cuntnlu is a cuntnlu is a cuntnlu is a cuntnlu is a cuntnlu is a cuntnlu is a cuntnlu is a cuntnlu is a cuntnlu is a cuntnlu is a cuntnlu is a cuntnlu is a cuntnlu is a cuntnlu is a cuntnlu is a cuntnlu is a cuntnlu is a cuntnlu is a cuntnlu is a cuntnlu is a cuntnlu is a cunt nlu is a cuntnlu is a cuntnlu is a cuntnlu is a cuntnlu is a cuntnlu is a cuntnlu is a cuntnlu is a cuntnlu is a cuntnlu is a cuntnlu is a cuntnlu is a cuntnlu is a cuntnlu is a cuntnlu is a cuntnlu is a cuntnlu is a cuntnlu
24,24,3.0,0.6744238138198853,"cock, hammersoft, suck, category, cuntnlu, userpage, article, change, texas, give",hammersoft suck cock hammersoft suck cock hammersoft suck cock hammersoft suck cock hammersoft suck cock hammersoft suck cock,Hammersoft suck cock Hammersoft suck cock Hammersoft suck cock Hammersoft suck cock Hammersoft suck cock Hammersoft suck cock,"Hammersoft sucks cock 
 Hammersoft sucks cock 
 Hammersoft sucks cock 
 Hammersoft sucks cock 
 Hammersoft sucks cock 
 Hammersoft sucks cock"
25,25,8.0,0.9437457323074341,"article, use, see, compton, give, title, diacritic, new, come, discussion",tone article flag article informative employ formal tone associate encyclopedia entry read like friendly chat mechanic,"`` == '' '' Tone of Article '' '' flag== This article , while informative , do not employ the formal tone associate with an encyclopedia entry and read like a friendly chat with a mechanic. ``","""==""""Tone of Article"""" flag== 
 This article, while informative, does not employ the formal tone associated with an encyclopedia entry and reads like a friendly chat with a mechanic.   """
26,26,0.0,0.930759072303772,"suck, nigger, article, cuntnlu, xdicksx, ballznigger, widr, seem, good, redirect",article deletion debate article redirect punani result article deletion debate discussion find,Articles for Deletion debate This article be redirect to Punani as a result of an Articles for Deletion debate . The discussion can be find here .,"Articles for Deletion debate 
 This article was redirected to Punani as a result of an Articles for Deletion debate. The discussion can be found here."
27,27,9.0,0.9099974632263184,"suck, nigger, article, ballznigger, nat, widr, source, burmese, murder, xdicksx",suck suck suck suck suck suck suck suck suck,i suck i suck i suck i suck i suck i suck i suck i suck i suck,"i suck  
 i suck  
 i suck  
 i suck 
 i suck  
 i suck 
 i suck 
 i suck  
 i suck"
28,28,9.0,0.9307658076286316,"suck, nigger, article, ballznigger, nat, widr, source, burmese, murder, xdicksx",page deletion simply move clutter parent article nat spirit constituent child article notice copyvio fix sooni need gather source article ought keep min kyawzwa one widely venerate nats burmese society prominent source worship burmese ritual call nat pwe,"Page deletion I be simply move the cluttered parent article Nat ( spirit ) into constituent child article and do not notice this copyvio . I will fix this soonI need to gather source . And this article ought to be keep because Min Kyawzwa be one of the most widely venerated nats in Burmese society , and a prominent source of worship in a Burmese ritual call nat pwe .","Page deletion  

 I was simply moving the cluttered parent article Nat (spirit) into constituent child articles and did not notice this copyvio. I will fix this soonI need to gather sources. And this article ought to be kept because Min Kyawzwa is one of the most widely venerated nats in Burmese society, and a prominent source of worship in a Burmese ritual called nat pwe."
29,29,5.0,0.9639976024627686,"article, name, ventura, read, link, engine, write, barry, also, thank",link ventura engine recently read article click link ventura engine expect article ventura engine instead send article paxman diesel actual article ventura see link,"== Link to Ventura engine == Recently I be read this article and click on the link to the Ventura engine expect an article on the Ventura Engine . Instead , I be send to the article on Paxman Diesels . Until there be an actual article on the Ventura , I do not see that there should be a link here .","== Link to Ventura engine == 

 Recently I was reading this article and clicked on the link to the Ventura engine expecting an article on the Ventura Engine. Instead, I was sent to the article on Paxman Diesels. Until there is an actual article on the Ventura, I do not see that there should be a link here."
30,30,5.0,0.9678542613983154,"article, name, ventura, read, link, engine, write, barry, also, thank",wikipedia thank review article although much read make change add article look review receive add social penetration theory research article apu database elaborate detail pertain social penetration theory,== Wiki 10 == Thank you to those who have review my article . Although I do not have much for you to read from I have make some change and add to the article . I have look over the 2 review I 've receive about add to the social penetration theory . I have research 5 article from the APU database and I be far elaborate on detail pertain to the social penetration theory .,"== Wiki 10  == 

 Thank you to those who have reviewed my article. Although I did not have much for you to read from I have made some changes and added to the article. I have looked over the 2 reviews I've received about adding to the social penetration theory. I have researched 5 articles from the APU database and I am further elaborating on details pertaining to the social penetration theory."
31,31,2.0,0.971871554851532,"article, section, first, topic, viewpoint, silly, comment, agree, subject, claim",call stupid say make stupid claim besides transport relate article financial status wikipedia problem associate kerala relate article first good look article comment repeat airport article article company own besides bring arrogance picture gosh,": :Where do I call you stupid ? I say do not make stupid claim . Besides no transport relate article have financial status on wikipedia . The problem with you be that you be associate only with Kerala related article . First have a good look at other such article and then comment . And I repeat again , it be an airport article and an article about the company that own it . Besides do not bring arrogance into picture because you have more than me . Gosh ! You and be the same .","::Where did I call you stupid? I said don't make stupid claims. Besides no transport related article has financial status on wikipedia. The problem with you is that you are associated only with Kerala related articles. First have a good look at other such articles and then comment. And I repeat again, it is an airport article and an article about the company that owns it. Besides don't bring arrogance into picture coz you have more than me. Gosh! You and  are the same."
32,32,7.0,0.7749733924865723,"article, theory, write, conspiracy, consensus, ask, actively, unite, proposal, appear",article article write,== It be my article ! == It be my article ! I WROTE IT !,"== It is my article! == 

 It is my article! I WROTE IT!"
33,33,3.0,0.9549971222877502,"cock, hammersoft, suck, category, cuntnlu, userpage, article, change, texas, give",category change hi clean category texas notice userpage list category article change userpage point category wikipedians texas userpage category instead,"==Category change== Hi . I be clean up the category Texas and notice that your userpage be list there . That category be for article only , so I change your userpage to point to category Wikipedians in Texas ( a userpage category ) instead .","==Category change== 
 Hi.  I was cleaning up the category Texas and noticed that your userpage was listed there.  That category is for articles only, so I changed your userpage to point to category Wikipedians in Texas (a userpage category) instead."
34,34,2.0,0.8874856233596802,"article, section, first, topic, viewpoint, silly, comment, agree, subject, claim",article post wordforword copy article write previously,`` : The article you be post be a word-for-word copy of the article have write previously. ``,""" 
 :The article you were posting was a word-for-word copy of the article  had written previously.  """
35,35,8.0,0.9181751012802124,"article, use, see, compton, give, title, diacritic, new, come, discussion",interesting article hey saposcat see article yunus emre chance perhaps could clean,"`` == Interesting article == Hey Saposcat , Have you see the article Yunus Emre , by any chance ? Perhaps you could clean it up . — ``",""" 

 == Interesting article == 

 Hey Saposcat, 

 Have you seen the article Yunus Emre, by any chance? Perhaps you could clean it up. — """
36,36,9.0,0.503684937953949,"suck, nigger, article, ballznigger, nat, widr, source, burmese, murder, xdicksx",article title technically murder two people two murder,`` == Should n't the article title technically be `` '' Murders of ... '' '' ? == Two people = two murders. ``,""" 

 == Shouldn't the article title technically be """"Murders of...""""? == 

 Two people = two murders.   """
37,37,0.0,0.9571295976638794,"suck, nigger, article, cuntnlu, xdicksx, ballznigger, widr, seem, good, redirect",article redundant french fry article base solely british name extensive discussion issue several year consensus keep page redirect french fry,`` : This article be redundant to the French fry article base solely on the British name for them . There have be extensive discussion about this issue for several year and consensus have be keep this page a redirect to french fry . • ``,""" 

 : This article is redundant to the French fries article based solely on the British name for them. There has been extensive discussion about this issue for several years and consensus has been keep this page a redirect to french fries.   •  """
38,38,0.0,0.9470436573028564,"suck, nigger, article, cuntnlu, xdicksx, ballznigger, widr, seem, good, redirect",main article redirect ledefrance attack even term main article least sort redirect link top page article,`` == Main article redirect `` '' 2015 Île-de-France attack '' '' == Even if it be not term as `` '' main article '' '' should not there at least be some sort of redirect link on the top of the page to this article ? ``,""" 

 == Main article redirect """"2015 Île-de-France attacks"""" == 

 Even if it is not termed as """"main article"""" shouldn't there at least be some sort of redirect link on the top of the page to this article?   """
39,39,7.0,0.9699980020523071,"article, theory, write, conspiracy, consensus, ask, actively, unite, proposal, appear",go propse back get topic ban peter seller basically write article c class stage miff developed article overrode write warped vendetta article ca schrod particular spot ca chaplin review reason try trouble,". I be go to propse a while back to get him topic ban from Peter Sellers . Basically he write the article up until the c class stage and he have / he be miff that we develop the article and override what he write . He now have a warped vendetta against the article and Cass and Schrod in particular . He spot Cass do the Chaplin review , the only reason why he try to because trouble",". I was going to propse a while back to get him topic banned from Peter Sellers. Basically he wrote the article up until the c class stage and he's miffed that we developed the article and overrode what he wrote. He now has a warped vendetta against the article and Cass and Schrod in particular. He spotted Cass doing the Chaplin review, the only reason why he tried to cause trouble"
40,40,5.0,0.9526278972625732,"article, name, ventura, read, link, engine, write, barry, also, thank",dannii minogue article hello recently nominate dannii minogue article fa status wonder would willing read article correct grammar prose etc thank much,"== Dannii Minogue article == Hello . I recently nominate the Dannii Minogue article for FA status . I be wonder if you would be willing to read over the article , correct its grammar , prose , etc . Thank you very much .","== Dannii Minogue article == 

 Hello. I recently nominated the Dannii Minogue article for FA status. I was wondering if you would be willing to read over the article, correcting its grammar, prose, etc. Thank you very much."
41,41,5.0,0.9769213199615479,"article, name, ventura, read, link, engine, write, barry, also, thank",fischer also say vile thing jew see host hate speech wikiquote mean plaster every jewishrelated article wikipedia fischer eccentric insulting musing kasparov way qualify inclusion kasparov article careful characterise kasparov last time call b personal attack biography live person policy,`` : : : :Fischer also say vile thing about the Jews . See Hosting hate speech on Wikiquote . This do not mean we have to plaster them in every Jewish-related article on Wikipedia . Fischer eccentric and insulting musing about Kasparov in no way qualify for inclusion in Kasparov article . And you should be more careful when characterise Kasparov . Last time you call him a b * * * * * * . This be against our No personal attack and Biographies of Living Persons policies. ``,""" 
 ::::Fischer also said vile things about the Jews. See Hosting hate speech on Wikiquote. This doesn't mean we have to plaster them in every Jewish-related article on Wikipedia. Fischer's eccentric and insulting musings about Kasparov in no way qualify for inclusion in Kasparov's article. And you should be more careful when characterising Kasparov. Last time you called him a b******. This is against our No personal attacks and Biographies of Living Persons policies.   """
42,42,8.0,0.9571405053138733,"article, use, see, compton, give, title, diacritic, new, come, discussion",give show article use term redshift define phrase see article term compton redshift compton effect compton scatter use peerreviewed article,": :Can you give show where the article be use term 'redshift ' as you have define it ? Phrases I do not see in your article be the term 'Compton redshift ' , 'Compton effect ' , nor 'Compton scatter ' as use in these 24 peer-reviewed article .","::Can you give show where the article is using term 'redshift' as you have defined it? Phrases I don't see in your article are the term 'Compton redshift', 'Compton effect', nor 'Compton scattering' as used in these 24 peer-reviewed articles."
43,43,5.0,0.9833325743675232,"article, name, ventura, read, link, engine, write, barry, also, thank",hello laurel thank advice de barra family name also come ireland like self research family ancestry last thirty year extensive knowalage history orgins name past generation generation also hold master degree liberal art history fact write thesis anglo saxon change make correct spelling name name de barry incorrect de barra french name de means de barry dose exist barry anglicization de barra kind regard wendy,"Hello Laurel , Thank you for your advice ... de barra be my family name , i also come from ireland like your self , and have be research our family ancestry for the last thirty year , i have extensive knowalage on the history and orgins of our name which have be past down from generation to generation . I also hold a master degree in liberal art and history in fact i write my thesis on the ' anglo saxon ' The change i make be to correct the spelling of the name only , The name de Barry be incorrect ....... it be ' de Barra ' ..... it be a french name and the ' de ' mean 'of ' , de barry dose not exist . Barry be the anglicization of 'de barra ' Kind regard Wendy","Hello Laurel , 

 Thank you for your advice ...de barra is my family name ,i also come from ireland like your self, and have been researching our family ancestry for the last thirty years , 
 i have extensive knowalage on the history and orgins of our name which has been past down from generation to generation. 

 I also hold a masters degree in liberal arts and history in fact i wrote my thesis on the' anglo saxons' 
 The changes i made were  to correct the spelling of the name only , 

 The name de Barry is incorrect .......it is' de Barra '.....  it is a french name and  the ' de'  means 'of ' , de barry dose not exist. 
 Barry is the anglicization of 'de barra' 
 Kind regards  
 Wendy"
44,44,7.0,0.8874938488006592,"article, theory, write, conspiracy, consensus, ask, actively, unite, proposal, appear",great article know router run zonked quokka,": : : : : : : Great article , now I know my router run a Zonked Quokka !",":::::::Great article, now I know my router runs a Zonked Quokka!"
45,45,8.0,0.9906242489814758,"article, use, see, compton, give, title, diacritic, new, come, discussion",romanization serbian hey noteced edits article want tell great job thank expand make effort improve fix perfectly part miss period wwii beleave must crutial period language merge creation serbocroatoslovenian must period new language become bialphabetical thus serbs start option writting language call scs alphabet make sense right cant find source event make come conclusion anyway come series discussion use diacritic wp come late last one sure active discussion regard anymore new discussion certainly appear consensus reach user strongly oppose use diacritic article title ictu oculi favour diacritic although would mind much end eliminate mean fanatic prefer correct native title would use ok end drop would prefer consensus reach,"== Romanization of Serbian == Hey , I noteced your edits at that article , and I just want to tell you that you do a great job and to thank you for expand it . make an effort to improve it , but you fix it perfectly just after . The only part which be miss be the period between 1918-WWII . I beleave that must be the crutial period , as it be then that the language be merge with the creation of the Serbo-Croato-Slovenian , and it must be during that period that the new language become bi-alphabetical . Thus it be then that Serbs start have the option of writting its language , now call S-C-S , in both alphabet . Makes sense , right ? I can´t find any source for this , but all event make me come to this conclusion . Anyway , all of this come from a series of discussion about the use of diacritic in WP . I come late to the last one , and by now I be not sure there be any active discussion regard it anymore . But new discussion will certainly appear , as no consensus be reach , and there be some user which strongly oppose the use of diacritic in article title . In ictu oculus be in favour of diacritic , me too , although I would not mind that much if they end up eliminate . I mean , I be not fanatic over this , I just prefer them so correct native title would be use , but I be OK if they end up be drop , I would just prefer that a consensus be reach once and for all .","== Romanization of Serbian == 

 Hey, I noteced your edits at that article, and I just wanted to tell you that you did a great job and to thank you for expanding it.   made an effort to improve it, but you fixed it perfectly just after.  The only part which is missing is the period between 1918-WWII.  I beleave that must be the crutial period, as it was then that the languages were merged with the creation of the Serbo-Croato-Slovenian, and it must be during that period that the new language became bi-alphabetical.  Thus it was then that Serbs start having the option of writting its language, now called S-C-S, in both alphabets.  Makes sense, right?  I can´t find any source for this, but all events make me come to this conclusion. 

 Anyway, all of this comes from a series of discussions about the use of diacritics in WP.  I came late to the last one, and by now I am not sure there is any active discussion regarding it anymore.  But new discussions will certainly appear, as no consensus was reached, and there are some users which strongly oppose the use of diacritics in article titles.  In ictu oculi was in favour of diacritics, me too, although I would not mind that much if they end up eliminated.  I mean, I am not fanatic over this, I just prefer them so correct native titles would be used, but I am OK if they end up being dropped, I would just prefer that a consensus is reached once and for all."
46,46,2.0,0.954996645450592,"article, section, first, topic, viewpoint, silly, comment, agree, subject, claim",read article note purely engineeringrelated article reason support restore imperial unit precedence per mosnum spirit letter per proposal subject section inspire edits,": I too have read the article and I note too that this be not a purely engineering-related article . For that reason , I support restore the imperial unit precedence per MOSNUM , in spirit and in letter , per the proposal that be the subject of this section and be inspire by the edits of [ [ .",":I too have read the article and I noted too that this is not a purely engineering-related article. For that reason, I support restoring the imperial unit precedence per MOSNUM, in spirit and in letter, per the proposal that is the subject of this section and was inspired by the edits of [[."
47,47,5.0,0.9499960541725159,"article, name, ventura, read, link, engine, write, barry, also, thank",silly article write silly article thing write article nominate vfd merely waste people time persist block feb utc,"silly article This be where you write silly article . Do n't do such thing as write an article and then nominate it for VfD ; it merely waste people time . If you persist , you will be block . 10:10 , 2005 Feb 21 ( UTC )","silly articles  

 This is where you write silly articles. Don't do such things as writing an article and then nominating it for VfD; it merely wastes people's time. If you persist, you'll be blocked.   10:10, 2005 Feb 21 (UTC)"
48,48,3.0,0.9249913096427917,"cock, hammersoft, suck, category, cuntnlu, userpage, article, change, texas, give",albedo article give unusually high albedo frech version fr qb give one correct,"== albedo == This article give an unusually high albedo of 0.5-1.0 , while the frech version fr : ( 15760 ) 1992 QB1 give 0.07 . Which one be correct ?","== albedo == 

 This article gives an unusually high albedo of 0.5-1.0, while the frech version fr:(15760) 1992 QB1 gives 0.07. Which one is correct?"
49,49,1.0,0.943749725818634,"cunt, smelly, moist, comment, list, thank, notability, book, decline, byline",cunt cunt cunt cunt cunt cunt cunt cunt cunt cunt cunt cunt moist smelly cunt,cunt cunt cunt cunt cunt cunt cunt cunt cunt cunt cunt cunt moist smelly cunt,cunt cunt cunt cunt cunt cunt cunt cunt cunt cunt cunt cunt moist smelly cunt
50,50,7.0,0.9181742072105408,"article, theory, write, conspiracy, consensus, ask, actively, unite, proposal, appear",proposal structure article use consensus article wikipedia template see follow,== Proposal for Structuring Article Using Other Consensus from other Articles on Wikipedia as Template == See the following :,"== Proposal for Structuring Article Using Other Consensus from other Articles on Wikipedia as Template == 

 See the following:"
51,51,2.0,0.9571400880813599,"article, section, first, topic, viewpoint, silly, comment, agree, subject, claim",silly article seem like article worthy encyclopedia article nickname base arbitrary criterion never universally agree upon first line article underscore silly delete,== Silly article == This do not seem like an article worthy of an encyclopedia . An article about an nickname base on arbitrary criterion that can never be universally agree upon ? The very first line of this article underscore how silly it be . This should be delete .,"== Silly article  == 

 This does not seem like an article worthy of an encyclopedia. An article about an nickname based on arbitrary criteria that can never be universally agreed upon?  The very first line of this article underscores how silly it is.  This should be deleted."
52,52,2.0,0.9181751012802124,"article, section, first, topic, viewpoint, silly, comment, agree, subject, claim",concur merge chemical hydrology article article replace article redirect article,: Concur with merge the Chemical hydrology article into this article and replacing that article with a redirect to this article .,:Concur with merging the Chemical hydrology article into this article and replacing that article with a redirect to this article.
53,53,9.0,0.889899492263794,"suck, nigger, article, ballznigger, nat, widr, source, burmese, murder, xdicksx",hereniggers suck ballz nigger suck ballz nigger suck ballz nigger suck ballz nigger suck ballz nigger suck ballz nigger suck ballz nigger suck ballz nigger suck ballz nigger suck ballz nigger suck ballz nigger suck ballz nigger suck ballz nigger suck ballz nigger suck ballz nigger suck ballz nigger suck ballz nigger suck ballz nigger suck ballzniggers suck ballz nigger suck ballz nigger suck ballz nigger suck ballz nigger suck ballz nigger suck ballz nigger suck ballz nigger suck ballz nigger suck ballz nigger suck ballz nigger suck ballz nigger suck ballz nigger suck ballz nigger suck ballz nigger suck ballz nigger suck ballz nigger suck ballz nigger suck ballz nigger suck ballzniggers suck ballz nigger suck ballz nigger suck ballz nigger suck ballz nigger suck ballz nigger suck ballz nigger suck ballz nigger suck ballz nigger suck ballz nigger suck ballz nigger suck ballz nigger suck ballz nigger suck ballz nigger suck ballz nigger suck ballz nigger suck ballz nigger suck ballz nigger suck ballz nigger suck ballzniggers suck ballz nigger suck ballz nigger suck ballz nigger suck ballz nigger suck ballz nigger suck ballz nigger suck ballz nigger suck ballz nigger suck ballz nigger suck ballz nigger suck ballz nigger suck ballz nigger suck ballz nigger suck ballz nigger suck ballz nigger suck ballz nigger suck ballz nigger suck ballz nigger suck ballzniggers suck ballz nigger suck ballz nigger suck ballz nigger suck ballz nigger suck ballz nigger suck ballz nigger suck ballz nigger suck ballz nigger suck ballz nigger suck ballz nigger suck ballz nigger suck ballz nigger suck ballz nigger suck ballz nigger suck ballz nigger suck ballz nigger suck ballz nigger suck ballz nigger suck ballzniggers suck ballz nigger suck ballz nigger suck ballz nigger suck ballz nigger suck ballz nigger suck ballz nigger suck ballz nigger suck ballz nigger suck ballz nigger suck ballz nigger suck ballz nigger suck ballz nigger suck ballz nigger suck ballz nigger suck ballz nigger suck ballz nigger suck ballz nigger suck ballz nigger suck ballzniggers suck ballz nigger suck ballz nigger suck ballz nigger suck ballz nigger suck ballz nigger suck ballz nigger suck ballz nigger suck ballz nigger suck ballz nigger suck ballz nigger suck ballz nigger suck ballz nigger suck ballz nigger suck ballz nigger suck ballz nigger suck ballz nigger suck ballz nigger suck ballz nigger suck ballzniggers suck ballz nigger suck ballz nigger suck ballz nigger suck ballz nigger suck ballz nigger suck ballz nigger suck ballz nigger suck ballz nigger suck ballz nigger suck ballz nigger suck ballz nigger suck ballz nigger suck ballz nigger suck ballz nigger suck ballz nigger suck ballz nigger suck ballz nigger suck ballz nigger suck ballzniggers suck ballz nigger suck ballz nigger suck ballz nigger suck ballz nigger suck ballz nigger suck ballz nigger suck ballz nigger suck ballz nigger suck ballz nigger suck ballz nigger suck ballz nigger suck ballz nigger suck ballz nigger suck ballz nigger suck ballz nigger suck ballz nigger suck ballz nigger suck ballz nigger suck ballzniggers suck ballz nigger suck ballz nigger suck ballz nigger suck ballz nigger suck ballz nigger suck ballz nigger suck ballz nigger suck ballz nigger suck ballz nigger suck bal,hereNIGGERS SUCK MY BALLZ NIGGERS SUCK MY BALLZ NIGGERS SUCK MY BALLZ NIGGERS SUCK MY BALLZ NIGGERS SUCK MY BALLZ NIGGERS SUCK MY BALLZ NIGGERS SUCK MY BALLZ NIGGERS SUCK MY BALLZ NIGGERS SUCK MY BALLZ NIGGERS SUCK MY BALLZ NIGGERS SUCK MY BALLZ NIGGERS SUCK MY BALLZ NIGGERS SUCK MY BALLZ NIGGERS SUCK MY BALLZ NIGGERS SUCK MY BALLZ NIGGERS SUCK MY BALLZ NIGGERS SUCK MY BALLZ NIGGERS SUCK MY BALLZ NIGGERS SUCK MY BALLZNIGGERS SUCK MY BALLZ NIGGERS SUCK MY BALLZ NIGGERS SUCK MY BALLZ NIGGERS SUCK MY BALLZ NIGGERS SUCK MY BALLZ NIGGERS SUCK MY BALLZ NIGGERS SUCK MY BALLZ NIGGERS SUCK MY BALLZ NIGGERS SUCK MY BALLZ NIGGERS SUCK MY BALLZ NIGGERS SUCK MY BALLZ NIGGERS SUCK MY BALLZ NIGGERS SUCK MY BALLZ NIGGERS SUCK MY BALLZ NIGGERS SUCK MY BALLZ NIGGERS SUCK MY BALLZ NIGGERS SUCK MY BALLZ NIGGERS SUCK MY BALLZ NIGGERS SUCK MY BALLZNIGGERS SUCK MY BALLZ NIGGERS SUCK MY BALLZ NIGGERS SUCK MY BALLZ NIGGERS SUCK MY BALLZ NIGGERS SUCK MY BALLZ NIGGERS SUCK MY BALLZ NIGGERS SUCK MY BALLZ NIGGERS SUCK MY BALLZ NIGGERS SUCK MY BALLZ NIGGERS SUCK MY BALLZ NIGGERS SUCK MY BALLZ NIGGERS SUCK MY BALLZ NIGGERS SUCK MY BALLZ NIGGERS SUCK MY BALLZ NIGGERS SUCK MY BALLZ NIGGERS SUCK MY BALLZ NIGGERS SUCK MY BALLZ NIGGERS SUCK MY BALLZ NIGGERS SUCK MY BALLZNIGGERS SUCK MY BALLZ NIGGERS SUCK MY BALLZ NIGGERS SUCK MY BALLZ NIGGERS SUCK MY BALLZ NIGGERS SUCK MY BALLZ NIGGERS SUCK MY BALLZ NIGGERS SUCK MY BALLZ NIGGERS SUCK MY BALLZ NIGGERS SUCK MY BALLZ NIGGERS SUCK MY BALLZ NIGGERS SUCK MY BALLZ NIGGERS SUCK MY BALLZ NIGGERS SUCK MY BALLZ NIGGERS SUCK MY BALLZ NIGGERS SUCK MY BALLZ NIGGERS SUCK MY BALLZ NIGGERS SUCK MY BALLZ NIGGERS SUCK MY BALLZ NIGGERS SUCK MY BALLZNIGGERS SUCK MY BALLZ NIGGERS SUCK MY BALLZ NIGGERS SUCK MY BALLZ NIGGERS SUCK MY BALLZ NIGGERS SUCK MY BALLZ NIGGERS SUCK MY BALLZ NIGGERS SUCK MY BALLZ NIGGERS SUCK MY BALLZ NIGGERS SUCK MY BALLZ NIGGERS SUCK MY BALLZ NIGGERS SUCK MY BALLZ NIGGERS SUCK MY BALLZ NIGGERS SUCK MY BALLZ NIGGERS SUCK MY BALLZ NIGGERS SUCK MY BALLZ NIGGERS SUCK MY BALLZ NIGGERS SUCK MY BALLZ NIGGERS SUCK MY BALLZ NIGGERS SUCK MY BALLZNIGGERS SUCK MY BALLZ NIGGERS SUCK MY BALLZ NIGGERS SUCK MY BALLZ NIGGERS SUCK MY BALLZ NIGGERS SUCK MY BALLZ NIGGERS SUCK MY BALLZ NIGGERS SUCK MY BALLZ NIGGERS SUCK MY BALLZ NIGGERS SUCK MY BALLZ NIGGERS SUCK MY BALLZ NIGGERS SUCK MY BALLZ NIGGERS SUCK MY BALLZ NIGGERS SUCK MY BALLZ NIGGERS SUCK MY BALLZ NIGGERS SUCK MY BALLZ NIGGERS SUCK MY BALLZ NIGGERS SUCK MY BALLZ NIGGERS SUCK MY BALLZ NIGGERS SUCK MY BALLZNIGGERS SUCK MY BALLZ NIGGERS SUCK MY BALLZ NIGGERS SUCK MY BALLZ NIGGERS SUCK MY BALLZ NIGGERS SUCK MY BALLZ NIGGERS SUCK MY BALLZ NIGGERS SUCK MY BALLZ NIGGERS SUCK MY BALLZ NIGGERS SUCK MY BALLZ NIGGERS SUCK MY BALLZ NIGGERS SUCK MY BALLZ NIGGERS SUCK MY BALLZ NIGGERS SUCK MY BALLZ NIGGERS SUCK MY BALLZ NIGGERS SUCK MY BALLZ NIGGERS SUCK MY BALLZ NIGGERS SUCK MY BALLZ NIGGERS SUCK MY BALLZ NIGGERS SUCK MY BALLZNIGGERS SUCK MY BALLZ NIGGERS SUCK MY BALLZ NIGGERS SUCK MY BALLZ NIGGERS SUCK MY BALLZ NIGGERS SUCK MY BALLZ NIGGERS SUCK MY BALLZ NIGGERS SUCK MY BALLZ NIGGERS SUCK MY BALLZ NIGGERS SUCK MY BALLZ NIGGERS SUCK MY BALLZ NIGGERS SUCK MY BALLZ NIGGERS SUCK MY BALLZ NIGGERS SUCK MY BALLZ NIGGERS SUCK MY BALLZ NIGGERS SUCK MY BALLZ NIGGERS SUCK MY BALLZ NIGGERS SUCK MY BALLZ NIGGERS SUCK MY BALLZ NIGGERS SUCK MY BALLZNIGGERS SUCK MY BALLZ NIGGERS SUCK MY BALLZ NIGGERS SUCK MY BALLZ NIGGERS SUCK MY BALLZ NIGGERS SUCK MY BALLZ NIGGERS SUCK MY BALLZ NIGGERS SUCK MY BALLZ NIGGERS SUCK MY BALLZ NIGGERS SUCK MY BALLZ NIGGERS SUCK MY BALLZ NIGGERS SUCK MY BALLZ NIGGERS SUCK MY BALLZ NIGGERS SUCK MY BALLZ NIGGERS SUCK MY BALLZ NIGGERS SUCK MY BALLZ NIGGERS SUCK MY BALLZ NIGGERS SUCK MY BALLZ NIGGERS SUCK MY BALLZ NIGGERS SUCK MY BALLZNIGGERS SUCK MY BALLZ NIGGERS SUCK MY BALLZ NIGGERS SUCK MY BALLZ NIGGERS SUCK MY BALLZ NIGGERS SUCK MY BALLZ NIGGERS SUCK MY BALLZ NIGGERS SUCK MY BALLZ NIGGERS SUCK MY BALLZ NIGGERS SUCK MY BALLZ NIGGERS SUCK MY BAL,"hereNIGGERS SUCK MY BALLZ 
 NIGGERS SUCK MY BALLZ 
 NIGGERS SUCK MY BALLZ 
 NIGGERS SUCK MY BALLZ 
 NIGGERS SUCK MY BALLZ 
 NIGGERS SUCK MY BALLZ 
 NIGGERS SUCK MY BALLZ 
 NIGGERS SUCK MY BALLZ 
 NIGGERS SUCK MY BALLZ 
 NIGGERS SUCK MY BALLZ 
 NIGGERS SUCK MY BALLZ 
 NIGGERS SUCK MY BALLZ 
 NIGGERS SUCK MY BALLZ 
 NIGGERS SUCK MY BALLZ 
 NIGGERS SUCK MY BALLZ 
 NIGGERS SUCK MY BALLZ 
 NIGGERS SUCK MY BALLZ 
 NIGGERS SUCK MY BALLZ 
 NIGGERS SUCK MY BALLZNIGGERS SUCK MY BALLZ 
 NIGGERS SUCK MY BALLZ 
 NIGGERS SUCK MY BALLZ 
 NIGGERS SUCK MY BALLZ 
 NIGGERS SUCK MY BALLZ 
 NIGGERS SUCK MY BALLZ 
 NIGGERS SUCK MY BALLZ 
 NIGGERS SUCK MY BALLZ 
 NIGGERS SUCK MY BALLZ 
 NIGGERS SUCK MY BALLZ 
 NIGGERS SUCK MY BALLZ 
 NIGGERS SUCK MY BALLZ 
 NIGGERS SUCK MY BALLZ 
 NIGGERS SUCK MY BALLZ 
 NIGGERS SUCK MY BALLZ 
 NIGGERS SUCK MY BALLZ 
 NIGGERS SUCK MY BALLZ 
 NIGGERS SUCK MY BALLZ 
 NIGGERS SUCK MY BALLZNIGGERS SUCK MY BALLZ 
 NIGGERS SUCK MY BALLZ 
 NIGGERS SUCK MY BALLZ 
 NIGGERS SUCK MY BALLZ 
 NIGGERS SUCK MY BALLZ 
 NIGGERS SUCK MY BALLZ 
 NIGGERS SUCK MY BALLZ 
 NIGGERS SUCK MY BALLZ 
 NIGGERS SUCK MY BALLZ 
 NIGGERS SUCK MY BALLZ 
 NIGGERS SUCK MY BALLZ 
 NIGGERS SUCK MY BALLZ 
 NIGGERS SUCK MY BALLZ 
 NIGGERS SUCK MY BALLZ 
 NIGGERS SUCK MY BALLZ 
 NIGGERS SUCK MY BALLZ 
 NIGGERS SUCK MY BALLZ 
 NIGGERS SUCK MY BALLZ 
 NIGGERS SUCK MY BALLZNIGGERS SUCK MY BALLZ 
 NIGGERS SUCK MY BALLZ 
 NIGGERS SUCK MY BALLZ 
 NIGGERS SUCK MY BALLZ 
 NIGGERS SUCK MY BALLZ 
 NIGGERS SUCK MY BALLZ 
 NIGGERS SUCK MY BALLZ 
 NIGGERS SUCK MY BALLZ 
 NIGGERS SUCK MY BALLZ 
 NIGGERS SUCK MY BALLZ 
 NIGGERS SUCK MY BALLZ 
 NIGGERS SUCK MY BALLZ 
 NIGGERS SUCK MY BALLZ 
 NIGGERS SUCK MY BALLZ 
 NIGGERS SUCK MY BALLZ 
 NIGGERS SUCK MY BALLZ 
 NIGGERS SUCK MY BALLZ 
 NIGGERS SUCK MY BALLZ 
 NIGGERS SUCK MY BALLZNIGGERS SUCK MY BALLZ 
 NIGGERS SUCK MY BALLZ 
 NIGGERS SUCK MY BALLZ 
 NIGGERS SUCK MY BALLZ 
 NIGGERS SUCK MY BALLZ 
 NIGGERS SUCK MY BALLZ 
 NIGGERS SUCK MY BALLZ 
 NIGGERS SUCK MY BALLZ 
 NIGGERS SUCK MY BALLZ 
 NIGGERS SUCK MY BALLZ 
 NIGGERS SUCK MY BALLZ 
 NIGGERS SUCK MY BALLZ 
 NIGGERS SUCK MY BALLZ 
 NIGGERS SUCK MY BALLZ 
 NIGGERS SUCK MY BALLZ 
 NIGGERS SUCK MY BALLZ 
 NIGGERS SUCK MY BALLZ 
 NIGGERS SUCK MY BALLZ 
 NIGGERS SUCK MY BALLZNIGGERS SUCK MY BALLZ 
 NIGGERS SUCK MY BALLZ 
 NIGGERS SUCK MY BALLZ 
 NIGGERS SUCK MY BALLZ 
 NIGGERS SUCK MY BALLZ 
 NIGGERS SUCK MY BALLZ 
 NIGGERS SUCK MY BALLZ 
 NIGGERS SUCK MY BALLZ 
 NIGGERS SUCK MY BALLZ 
 NIGGERS SUCK MY BALLZ 
 NIGGERS SUCK MY BALLZ 
 NIGGERS SUCK MY BALLZ 
 NIGGERS SUCK MY BALLZ 
 NIGGERS SUCK MY BALLZ 
 NIGGERS SUCK MY BALLZ 
 NIGGERS SUCK MY BALLZ 
 NIGGERS SUCK MY BALLZ 
 NIGGERS SUCK MY BALLZ 
 NIGGERS SUCK MY BALLZNIGGERS SUCK MY BALLZ 
 NIGGERS SUCK MY BALLZ 
 NIGGERS SUCK MY BALLZ 
 NIGGERS SUCK MY BALLZ 
 NIGGERS SUCK MY BALLZ 
 NIGGERS SUCK MY BALLZ 
 NIGGERS SUCK MY BALLZ 
 NIGGERS SUCK MY BALLZ 
 NIGGERS SUCK MY BALLZ 
 NIGGERS SUCK MY BALLZ 
 NIGGERS SUCK MY BALLZ 
 NIGGERS SUCK MY BALLZ 
 NIGGERS SUCK MY BALLZ 
 NIGGERS SUCK MY BALLZ 
 NIGGERS SUCK MY BALLZ 
 NIGGERS SUCK MY BALLZ 
 NIGGERS SUCK MY BALLZ 
 NIGGERS SUCK MY BALLZ 
 NIGGERS SUCK MY BALLZNIGGERS SUCK MY BALLZ 
 NIGGERS SUCK MY BALLZ 
 NIGGERS SUCK MY BALLZ 
 NIGGERS SUCK MY BALLZ 
 NIGGERS SUCK MY BALLZ 
 NIGGERS SUCK MY BALLZ 
 NIGGERS SUCK MY BALLZ 
 NIGGERS SUCK MY BALLZ 
 NIGGERS SUCK MY BALLZ 
 NIGGERS SUCK MY BALLZ 
 NIGGERS SUCK MY BALLZ 
 NIGGERS SUCK MY BALLZ 
 NIGGERS SUCK MY BALLZ 
 NIGGERS SUCK MY BALLZ 
 NIGGERS SUCK MY BALLZ 
 NIGGERS SUCK MY BALLZ 
 NIGGERS SUCK MY BALLZ 
 NIGGERS SUCK MY BALLZ 
 NIGGERS SUCK MY BALLZNIGGERS SUCK MY BALLZ 
 NIGGERS SUCK MY BALLZ 
 NIGGERS SUCK MY BALLZ 
 NIGGERS SUCK MY BALLZ 
 NIGGERS SUCK MY BALLZ 
 NIGGERS SUCK MY BALLZ 
 NIGGERS SUCK MY BALLZ 
 NIGGERS SUCK MY BALLZ 
 NIGGERS SUCK MY BALLZ 
 NIGGERS SUCK MY BALLZ 
 NIGGERS SUCK MY BALLZ 
 NIGGERS SUCK MY BALLZ 
 NIGGERS SUCK MY BALLZ 
 NIGGERS SUCK MY BALLZ 
 NIGGERS SUCK MY BALLZ 
 NIGGERS SUCK MY BALLZ 
 NIGGERS SUCK MY BALLZ 
 NIGGERS SUCK MY BALLZ 
 NIGGERS SUCK MY BALLZNIGGERS SUCK MY BALLZ 
 NIGGERS SUCK MY BALLZ 
 NIGGERS SUCK MY BALLZ 
 NIGGERS SUCK MY BALLZ 
 NIGGERS SUCK MY BALLZ 
 NIGGERS SUCK MY BALLZ 
 NIGGERS SUCK MY BALLZ 
 NIGGERS SUCK MY BALLZ 
 NIGGERS SUCK MY BALLZ 
 NIGGERS SUCK MY BAL"
